source,cell_id,family,held_out,severity,asd_policy,seed,detector,t_rel,rho_w,poison_collapsed,gated_recovers,oracle_recovers,gs_label,gs_snr,gs_event_time,native_snr_w,rho_w_over_gs_snr
synthetic_archive,0,sine_gaussian,False,3.0,welch,0,H1,-0.7356459752142549,1357.87838492554,False,True,True,,,,,
synthetic_archive,1,sine_gaussian,False,3.0,welch,100017,H1,-0.7803043190030489,2728.5268492871355,False,True,True,,,,,
synthetic_archive,2,sine_gaussian,False,3.0,welch,200034,H1,-0.7730285613007074,1495.408395252567,True,True,True,,,,,
synthetic_archive,3,sine_gaussian,False,3.0,welch,300051,H1,-0.5121035305700963,2668.579454178694,False,True,False,,,,,
synthetic_archive,4,sine_gaussian,False,3.0,welch,400068,L1,-0.551324533234553,169.14581403493094,False,True,True,,,,,
synthetic_archive,5,sine_gaussian,False,3.0,stationary,500000,H1,-0.7843044877053214,2299.076115630045,False,True,True,,,,,
synthetic_archive,6,sine_gaussian,False,3.0,stationary,600017,H1,-1.490294028905521,2278.085305694369,True,True,True,,,,,
synthetic_archive,7,sine_gaussian,False,3.0,stationary,700034,H1,-0.8038999846628804,2566.745451004865,False,True,True,,,,,
synthetic_archive,8,sine_gaussian,False,3.0,stationary,800051,H1,-0.4296475508017737,1390.539234372585,True,True,True,,,,,
synthetic_archive,9,sine_gaussian,False,3.0,stationary,900068,L1,-0.958630174285032,197.55173369622145,False,True,True,,,,,
synthetic_archive,10,sine_gaussian,False,6.0,welch,1000000,H1,-1.0071867664316343,4273.402744860765,False,True,True,,,,,
synthetic_archive,11,sine_gaussian,False,6.0,welch,1100017,H1,-0.3314784334189238,5019.772034353106,True,True,True,,,,,
synthetic_archive,12,sine_gaussian,False,6.0,welch,1200034,H1,-0.3468697081813218,3522.8053110518213,False,False,True,,,,,
synthetic_archive,13,sine_gaussian,False,6.0,welch,1300051,H1,-0.7763436668365458,2867.3420789458673,False,True,True,,,,,
synthetic_archive,14,sine_gaussian,False,6.0,welch,1400068,L1,-0.4918212372481567,355.2416305032366,False,True,True,,,,,
synthetic_archive,15,sine_gaussian,False,6.0,stationary,1500000,H1,-1.0615541152952794,3248.8551163879656,True,True,True,,,,,
synthetic_archive,16,sine_gaussian,False,6.0,stationary,1600017,H1,-1.3382837382935997,5539.304027271628,False,True,True,,,,,
synthetic_archive,17,sine_gaussian,False,6.0,stationary,1700034,H1,-1.4056533244974656,3147.839125192406,False,True,True,,,,,
synthetic_archive,18,sine_gaussian,False,6.0,stationary,1800051,H1,-0.5094344319400699,4967.567164982027,True,True,False,,,,,
synthetic_archive,19,sine_gaussian,False,6.0,stationary,1900068,L1,-0.390716478770339,287.31999683087537,False,True,True,,,,,
synthetic_archive,20,sine_gaussian,False,10.0,welch,2000000,H1,-1.1651309779530534,7367.767698386248,False,True,True,,,,,
synthetic_archive,21,sine_gaussian,False,10.0,welch,2100017,H1,-0.303092194447801,7986.283829024032,False,True,False,,,,,
synthetic_archive,22,sine_gaussian,False,10.0,welch,2200034,H1,-0.7263852625540175,6553.5395086326735,False,True,True,,,,,
synthetic_archive,23,sine_gaussian,False,10.0,welch,2300051,H1,-1.4313738561016471,6963.004465206014,False,True,True,,,,,
synthetic_archive,24,sine_gaussian,False,10.0,welch,2400068,L1,-0.3490694794090874,285.50400321680246,False,True,True,,,,,
synthetic_archive,25,sine_gaussian,False,10.0,stationary,2500000,H1,-1.2274510207125644,8888.128600287508,True,True,True,,,,,
synthetic_archive,26,sine_gaussian,False,10.0,stationary,2600017,H1,-0.7271633266178369,4740.237571506953,False,True,True,,,,,
synthetic_archive,27,sine_gaussian,False,10.0,stationary,2700034,H1,-0.880269526431976,6634.787126163852,False,True,True,,,,,
synthetic_archive,28,sine_gaussian,False,10.0,stationary,2800051,H1,-0.6659372628966216,6868.562441633836,False,True,True,,,,,
synthetic_archive,29,sine_gaussian,False,10.0,stationary,2900068,L1,-1.318231242462462,506.83358403159224,False,True,True,,,,,
synthetic_archive,30,broadband_burst,False,3.0,welch,3000000,H1,-1.0733891914641165,4404.489142058079,True,True,True,,,,,
synthetic_archive,31,broadband_burst,False,3.0,welch,3100017,H1,-1.1353331913361262,4313.540000816098,True,True,True,,,,,
synthetic_archive,32,broadband_burst,False,3.0,welch,3200034,H1,-0.4343828481657675,4602.2072621799725,True,True,True,,,,,
synthetic_archive,33,broadband_burst,False,3.0,welch,3300051,H1,-1.44550761655577,4589.2317222649335,True,False,True,,,,,
synthetic_archive,34,broadband_burst,False,3.0,welch,3400068,L1,-0.4067603840968719,220.1462183400228,False,True,True,,,,,
synthetic_archive,35,broadband_burst,False,3.0,stationary,3500000,H1,-1.4049004748395844,2448.537352038674,True,True,True,,,,,
synthetic_archive,36,broadband_burst,False,3.0,stationary,3600017,H1,-0.8952694016158117,1692.5566455463008,True,True,True,,,,,
synthetic_archive,37,broadband_burst,False,3.0,stationary,3700034,H1,-0.8610639678899266,5495.391031202991,False,True,True,,,,,
synthetic_archive,38,broadband_burst,False,3.0,stationary,3800051,H1,-0.9550352624576528,1890.4946118447608,True,True,True,,,,,
synthetic_archive,39,broadband_burst,False,3.0,stationary,3900068,L1,-1.4000541914408728,402.5291786384823,True,True,True,,,,,
synthetic_archive,40,broadband_burst,False,6.0,welch,4000000,H1,-1.0258954254451016,6267.043789898846,True,True,True,,,,,
synthetic_archive,41,broadband_burst,False,6.0,welch,4100017,H1,-1.4858780364491937,8773.730704835807,True,False,True,,,,,
synthetic_archive,42,broadband_burst,False,6.0,welch,4200034,H1,-0.892589074629087,8000.464732821096,True,True,True,,,,,
synthetic_archive,43,broadband_burst,False,6.0,welch,4300051,H1,-1.4321441221532647,9447.121960260036,True,False,True,,,,,
synthetic_archive,44,broadband_burst,False,6.0,welch,4400068,L1,-1.2713516035112098,737.7990137147583,False,True,True,,,,,
synthetic_archive,45,broadband_burst,False,6.0,stationary,4500000,H1,-1.4387962111406567,7494.842659162888,True,True,True,,,,,
synthetic_archive,46,broadband_burst,False,6.0,stationary,4600017,H1,-0.9373789437262456,9253.631246596067,True,True,True,,,,,
synthetic_archive,47,broadband_burst,False,6.0,stationary,4700034,H1,-1.3787572769793772,9161.58448323178,True,False,True,,,,,
synthetic_archive,48,broadband_burst,False,6.0,stationary,4800051,H1,-1.310173933571989,5592.145418880106,True,False,True,,,,,
synthetic_archive,49,broadband_burst,False,6.0,stationary,4900068,L1,-1.0290994251050318,624.7057768278738,False,True,True,,,,,
synthetic_archive,50,broadband_burst,False,10.0,welch,5000000,H1,-0.3832140576573052,6571.758414260177,True,True,True,,,,,
synthetic_archive,51,broadband_burst,False,10.0,welch,5100017,H1,-1.2213981922073178,11625.541196585693,True,False,True,,,,,
synthetic_archive,52,broadband_burst,False,10.0,welch,5200034,H1,-0.6719640372943799,13166.070861079832,True,True,True,,,,,
synthetic_archive,53,broadband_burst,False,10.0,welch,5300051,H1,-0.9394597096981996,11538.672668813064,True,True,True,,,,,
synthetic_archive,54,broadband_burst,False,10.0,welch,5400068,L1,-0.3526072172355904,1058.6966363724766,True,True,True,,,,,
synthetic_archive,55,broadband_burst,False,10.0,stationary,5500000,H1,-1.11840770036124,14535.796303312418,True,False,False,,,,,
synthetic_archive,56,broadband_burst,False,10.0,stationary,5600017,H1,-0.7156370976178945,15377.492408140435,True,True,True,,,,,
synthetic_archive,57,broadband_burst,False,10.0,stationary,5700034,H1,-0.8461464414658612,9377.225908824395,True,True,True,,,,,
synthetic_archive,58,broadband_burst,False,10.0,stationary,5800051,H1,-0.7707237343834755,9318.3361903011,True,True,True,,,,,
synthetic_archive,59,broadband_burst,False,10.0,stationary,5900068,L1,-0.992542759653126,1234.8193205487687,False,True,True,,,,,
synthetic_archive,60,whistle,False,3.0,welch,6000000,H1,-0.999251316591554,15036.431602659226,True,True,True,,,,,
synthetic_archive,61,whistle,False,3.0,welch,6100017,H1,-0.439803032619308,10331.59931320567,False,True,False,,,,,
synthetic_archive,62,whistle,False,3.0,welch,6200034,H1,-0.6900087490952481,9419.856471309771,False,True,True,,,,,
synthetic_archive,63,whistle,False,3.0,welch,6300051,H1,-1.3376530464663798,9804.93820321198,False,True,True,,,,,
synthetic_archive,64,whistle,False,3.0,welch,6400068,L1,-0.7141168154961158,1181.6348731885978,False,True,False,,,,,
synthetic_archive,65,whistle,False,3.0,stationary,6500000,H1,-1.330356746345751,15828.752545896166,True,False,False,,,,,
synthetic_archive,66,whistle,False,3.0,stationary,6600017,H1,-1.2582661894364648,13290.76199127246,False,True,False,,,,,
synthetic_archive,67,whistle,False,3.0,stationary,6700034,H1,-1.164657543085111,15015.371349903198,True,False,False,,,,,
synthetic_archive,68,whistle,False,3.0,stationary,6800051,H1,-0.5674710521383648,7381.597798047136,True,True,True,,,,,
synthetic_archive,69,whistle,False,3.0,stationary,6900068,L1,-0.399719495175746,774.4017816205559,False,True,True,,,,,
synthetic_archive,70,whistle,False,6.0,welch,7000000,H1,-0.5503631626520623,19704.909295382764,False,True,True,,,,,
synthetic_archive,71,whistle,False,6.0,welch,7100017,H1,-0.4890129984079548,22677.15725158072,True,True,True,,,,,
synthetic_archive,72,whistle,False,6.0,welch,7200034,H1,-1.1492162747424186,34555.181474507954,False,False,False,,,,,
synthetic_archive,73,whistle,False,6.0,welch,7300051,H1,-0.3622376616805794,24837.747334153628,True,True,False,,,,,
synthetic_archive,74,whistle,False,6.0,welch,7400068,L1,-1.0510710073461964,1878.0676581002035,True,True,True,,,,,
synthetic_archive,75,whistle,False,6.0,stationary,7500000,H1,-1.3733104372367826,24657.8484000916,True,True,True,,,,,
synthetic_archive,76,whistle,False,6.0,stationary,7600017,H1,-1.1160833006869384,28111.53058844061,True,True,False,,,,,
synthetic_archive,77,whistle,False,6.0,stationary,7700034,H1,-1.446312730511795,20223.87719847416,False,True,True,,,,,
synthetic_archive,78,whistle,False,6.0,stationary,7800051,H1,-0.9969596657983674,15406.253219734888,True,True,True,,,,,
synthetic_archive,79,whistle,False,6.0,stationary,7900068,L1,-0.6998336113191188,2439.5033332966086,False,True,True,,,,,
synthetic_archive,80,whistle,False,10.0,welch,8000000,H1,-0.4398260444396983,50275.21147724219,True,True,False,,,,,
synthetic_archive,81,whistle,False,10.0,welch,8100017,H1,-0.6974708634259391,60246.66630602062,False,True,False,,,,,
synthetic_archive,82,whistle,False,10.0,welch,8200034,H1,-1.1205867179212434,54948.895786112626,False,True,True,,,,,
synthetic_archive,83,whistle,False,10.0,welch,8300051,H1,-1.1455080440869392,35003.20234659851,True,False,False,,,,,
synthetic_archive,84,whistle,False,10.0,welch,8400068,L1,-0.963287199327492,3717.9326025965433,False,True,True,,,,,
synthetic_archive,85,whistle,False,10.0,stationary,8500000,H1,-0.3553441903613665,49287.86107485471,True,True,False,,,,,
synthetic_archive,86,whistle,False,10.0,stationary,8600017,H1,-1.147291784458294,56992.69127134003,True,False,False,,,,,
synthetic_archive,87,whistle,False,10.0,stationary,8700034,H1,-1.4681257270716948,28790.690835594207,True,False,True,,,,,
synthetic_archive,88,whistle,False,10.0,stationary,8800051,H1,-0.5884365219854875,39959.24109716609,True,True,False,,,,,
synthetic_archive,89,whistle,False,10.0,stationary,8900068,L1,-1.3535302951999226,3856.527458566204,False,True,True,,,,,
synthetic_archive,90,scattered_light,False,3.0,welch,9000000,H1,-1.4780031931557085,8489.114264862765,False,False,False,,,,,
synthetic_archive,91,scattered_light,False,3.0,welch,9100017,H1,-0.3090728265208645,7036.136399247842,False,True,True,,,,,
synthetic_archive,92,scattered_light,False,3.0,welch,9200034,H1,-0.80319560614285,11598.084035582542,False,False,False,,,,,
synthetic_archive,93,scattered_light,False,3.0,welch,9300051,H1,-1.3238844772576497,9026.772517076655,False,False,False,,,,,
synthetic_archive,94,scattered_light,False,3.0,welch,9400068,L1,-0.5385253230231454,1343.9208956660705,False,True,False,,,,,
synthetic_archive,95,scattered_light,False,3.0,stationary,9500000,H1,-1.2610265247166292,13471.497284064635,True,False,False,,,,,
synthetic_archive,96,scattered_light,False,3.0,stationary,9600017,H1,-0.9548929894397652,4299.781898503533,False,True,True,,,,,
synthetic_archive,97,scattered_light,False,3.0,stationary,9700034,H1,-0.480371730470593,9734.68455832329,True,True,False,,,,,
synthetic_archive,98,scattered_light,False,3.0,stationary,9800051,H1,-1.2526376254342622,7089.500828807288,True,False,True,,,,,
synthetic_archive,99,scattered_light,False,3.0,stationary,9900068,L1,-0.6429188159183077,1226.2765330818263,True,True,False,,,,,
synthetic_archive,100,scattered_light,False,6.0,welch,10000000,H1,-1.112808898637093,15492.310079010693,False,False,False,,,,,
synthetic_archive,101,scattered_light,False,6.0,welch,10100017,H1,-0.6445339504468133,11557.194376411786,False,True,False,,,,,
synthetic_archive,102,scattered_light,False,6.0,welch,10200034,H1,-0.5853026068243218,16308.088414968852,False,True,False,,,,,
synthetic_archive,103,scattered_light,False,6.0,welch,10300051,H1,-0.5150628280213116,7172.18768273214,False,True,True,,,,,
synthetic_archive,104,scattered_light,False,6.0,welch,10400068,L1,-1.3950785943812158,1537.7564662424015,False,True,True,,,,,
synthetic_archive,105,scattered_light,False,6.0,stationary,10500000,H1,-0.7846491043433397,16883.274375691588,False,True,True,,,,,
synthetic_archive,106,scattered_light,False,6.0,stationary,10600017,H1,-0.7606432114496257,11362.456013361065,True,True,False,,,,,
synthetic_archive,107,scattered_light,False,6.0,stationary,10700034,H1,-1.1126269482248152,22378.644839529912,True,False,False,,,,,
synthetic_archive,108,scattered_light,False,6.0,stationary,10800051,H1,-1.2306368032119956,22393.854603059375,True,False,False,,,,,
synthetic_archive,109,scattered_light,False,6.0,stationary,10900068,L1,-1.2532559371316687,1687.75677137385,True,True,False,,,,,
synthetic_archive,110,scattered_light,False,10.0,welch,11000000,H1,-0.7452876364637794,42704.955510185864,True,False,False,,,,,
synthetic_archive,111,scattered_light,False,10.0,welch,11100017,H1,-1.2059864548534218,20028.786490487106,False,False,False,,,,,
synthetic_archive,112,scattered_light,False,10.0,welch,11200034,H1,-0.5770503784853489,33558.1676958274,False,True,False,,,,,
synthetic_archive,113,scattered_light,False,10.0,welch,11300051,H1,-0.5693912577552228,42575.94863841874,True,False,False,,,,,
synthetic_archive,114,scattered_light,False,10.0,welch,11400068,L1,-0.9383590968772024,3855.1942680843617,False,True,False,,,,,
synthetic_archive,115,scattered_light,False,10.0,stationary,11500000,H1,-1.4534458998761368,33618.19157582349,True,False,False,,,,,
synthetic_archive,116,scattered_light,False,10.0,stationary,11600017,H1,-1.3965104153473535,18194.411528200635,True,False,True,,,,,
synthetic_archive,117,scattered_light,False,10.0,stationary,11700034,H1,-0.4712913835947129,28936.47190874492,True,True,False,,,,,
synthetic_archive,118,scattered_light,False,10.0,stationary,11800051,H1,-1.0511674922281231,21985.28735175337,False,False,False,,,,,
synthetic_archive,119,scattered_light,False,10.0,stationary,11900068,L1,-1.3439933525066834,3718.0186377859654,True,False,False,,,,,
synthetic_archive,120,glitch_train,False,3.0,welch,12000000,H1,-0.3142884940433048,3087.723150717235,False,True,False,,,,,
synthetic_archive,121,glitch_train,False,3.0,welch,12100017,H1,-0.9113162182866732,4769.725785545318,True,True,True,,,,,
synthetic_archive,122,glitch_train,False,3.0,welch,12200034,H1,-0.432474717478109,1528.0134773368554,False,True,True,,,,,
synthetic_archive,123,glitch_train,False,3.0,welch,12300051,H1,-1.3915850050552383,4154.752507236341,False,True,True,,,,,
synthetic_archive,124,glitch_train,False,3.0,welch,12400068,L1,-0.3011002268728117,283.54636627552037,False,True,True,,,,,
synthetic_archive,125,glitch_train,False,3.0,stationary,12500000,H1,-0.8495329274741136,2136.4729063331783,True,True,True,,,,,
synthetic_archive,126,glitch_train,False,3.0,stationary,12600017,H1,-0.3457322981778042,4681.794842474049,True,True,True,,,,,
synthetic_archive,127,glitch_train,False,3.0,stationary,12700034,H1,-0.4366121043123926,4336.854501909737,True,True,True,,,,,
synthetic_archive,128,glitch_train,False,3.0,stationary,12800051,H1,-0.7900694347547768,4233.590707992197,False,True,True,,,,,
synthetic_archive,129,glitch_train,False,3.0,stationary,12900068,L1,-0.8918929377255722,246.05315334641168,False,True,True,,,,,
synthetic_archive,130,glitch_train,False,6.0,welch,13000000,H1,-0.4839057936416183,6595.570105872914,False,True,True,,,,,
synthetic_archive,131,glitch_train,False,6.0,welch,13100017,H1,-1.1834421202709997,7575.065851237169,False,True,True,,,,,
synthetic_archive,132,glitch_train,False,6.0,welch,13200034,H1,-1.3187681856626703,10109.954132599934,False,True,True,,,,,
synthetic_archive,133,glitch_train,False,6.0,welch,13300051,H1,-1.4764797102398082,4893.16983405519,True,True,True,,,,,
synthetic_archive,134,glitch_train,False,6.0,welch,13400068,L1,-1.3641440478141384,720.5816156536904,False,True,True,,,,,
synthetic_archive,135,glitch_train,False,6.0,stationary,13500000,H1,-0.6691283158384767,3734.9660503262944,False,True,True,,,,,
synthetic_archive,136,glitch_train,False,6.0,stationary,13600017,H1,-0.9308768371568122,6372.835742628162,True,True,True,,,,,
synthetic_archive,137,glitch_train,False,6.0,stationary,13700034,H1,-0.8775772641809717,6730.752875517728,True,True,True,,,,,
synthetic_archive,138,glitch_train,False,6.0,stationary,13800051,H1,-0.8875931153154114,9218.537544500345,True,True,True,,,,,
synthetic_archive,139,glitch_train,False,6.0,stationary,13900068,L1,-0.4871983996298704,532.4019119406961,False,True,True,,,,,
synthetic_archive,140,glitch_train,False,10.0,welch,14000000,H1,-1.2329595035062382,8118.149904747982,False,True,True,,,,,
synthetic_archive,141,glitch_train,False,10.0,welch,14100017,H1,-1.075414368814607,11484.58170413938,False,True,True,,,,,
synthetic_archive,142,glitch_train,False,10.0,welch,14200034,H1,-0.4517164099342169,7724.124267773508,True,True,True,,,,,
synthetic_archive,143,glitch_train,False,10.0,welch,14300051,H1,-0.7158024654473637,16690.391855219055,True,True,True,,,,,
synthetic_archive,144,glitch_train,False,10.0,welch,14400068,L1,-0.4494483953059845,872.0148550391608,False,True,True,,,,,
synthetic_archive,145,glitch_train,False,10.0,stationary,14500000,H1,-0.4506422305219299,7461.560850715639,True,True,True,,,,,
synthetic_archive,146,glitch_train,False,10.0,stationary,14600017,H1,-1.4427991975892829,10357.277038872237,True,False,False,,,,,
synthetic_archive,147,glitch_train,False,10.0,stationary,14700034,H1,-0.7466588169742577,8563.117411528918,True,True,True,,,,,
synthetic_archive,148,glitch_train,False,10.0,stationary,14800051,H1,-0.488141926311352,14204.970590864055,True,True,True,,,,,
synthetic_archive,149,glitch_train,False,10.0,stationary,14900068,L1,-1.2191207564346522,791.7007657346328,False,True,True,,,,,
synthetic_archive,150,ringing,True,3.0,welch,15000000,H1,-1.128685505089693,4866.921575745234,True,True,False,,,,,
synthetic_archive,151,ringing,True,3.0,welch,15100017,H1,-1.4694146690489585,6047.458565806027,False,True,True,,,,,
synthetic_archive,152,ringing,True,3.0,welch,15200034,H1,-0.9534427111564836,1421.467927331235,True,True,True,,,,,
synthetic_archive,153,ringing,True,3.0,welch,15300051,H1,-1.1662768990131454,6459.418215612826,False,True,True,,,,,
synthetic_archive,154,ringing,True,3.0,welch,15400068,L1,-1.033493875443252,287.5096868502867,False,True,True,,,,,
synthetic_archive,155,ringing,True,3.0,stationary,15500000,H1,-1.1577640256335893,5422.4456375860145,True,True,True,,,,,
synthetic_archive,156,ringing,True,3.0,stationary,15600017,H1,-0.6934846602197315,7399.779191076239,True,True,False,,,,,
synthetic_archive,157,ringing,True,3.0,stationary,15700034,H1,-1.4775407979663482,5751.525726520733,True,True,True,,,,,
synthetic_archive,158,ringing,True,3.0,stationary,15800051,H1,-0.641100736132065,5239.83703774254,True,True,False,,,,,
synthetic_archive,159,ringing,True,3.0,stationary,15900068,L1,-1.1462308616617098,389.47096737722256,True,True,False,,,,,
synthetic_archive,160,ringing,True,6.0,welch,16000000,H1,-0.679665984978047,10056.582321055666,False,True,False,,,,,
synthetic_archive,161,ringing,True,6.0,welch,16100017,H1,-0.4993579833950625,7394.453816281606,False,True,False,,,,,
synthetic_archive,162,ringing,True,6.0,welch,16200034,H1,-1.042880727667657,14031.701515309727,False,True,True,,,,,
synthetic_archive,163,ringing,True,6.0,welch,16300051,H1,-0.9857061250941068,9096.15074143436,False,True,True,,,,,
synthetic_archive,164,ringing,True,6.0,welch,16400068,L1,-1.2801655920254955,1074.70860464793,False,True,True,,,,,
synthetic_archive,165,ringing,True,6.0,stationary,16500000,H1,-1.365312694787726,9818.8806581021,False,True,True,,,,,
synthetic_archive,166,ringing,True,6.0,stationary,16600017,H1,-0.3371666892382407,15134.235878946549,True,False,False,,,,,
synthetic_archive,167,ringing,True,6.0,stationary,16700034,H1,-1.0048446887234068,14904.064838216496,False,True,True,,,,,
synthetic_archive,168,ringing,True,6.0,stationary,16800051,H1,-0.6210027629031283,10510.710688472009,True,True,False,,,,,
synthetic_archive,169,ringing,True,6.0,stationary,16900068,L1,-1.0452277259913116,1036.0500861928826,False,True,True,,,,,
synthetic_archive,170,ringing,True,10.0,welch,17000000,H1,-0.7689768239060989,6670.258616660187,True,True,True,,,,,
synthetic_archive,171,ringing,True,10.0,welch,17100017,H1,-0.4937326151426236,22812.201152945305,True,True,True,,,,,
synthetic_archive,172,ringing,True,10.0,welch,17200034,H1,-1.2813623531240517,17827.907957252653,True,True,False,,,,,
synthetic_archive,173,ringing,True,10.0,welch,17300051,H1,-0.5246021399789819,20510.748841264543,True,True,False,,,,,
synthetic_archive,174,ringing,True,10.0,welch,17400068,L1,-1.2857160719673535,1860.5022992916709,True,True,False,,,,,
synthetic_archive,175,ringing,True,10.0,stationary,17500000,H1,-0.6907071550564813,10348.658310800012,True,True,True,,,,,
synthetic_archive,176,ringing,True,10.0,stationary,17600017,H1,-0.6890995893885371,17167.15803192613,True,True,True,,,,,
synthetic_archive,177,ringing,True,10.0,stationary,17700034,H1,-0.9215307984648006,22998.873378679345,True,True,False,,,,,
synthetic_archive,178,ringing,True,10.0,stationary,17800051,H1,-1.2355271907339107,12842.717336020534,True,True,True,,,,,
synthetic_archive,179,ringing,True,10.0,stationary,17900068,L1,-1.4934602421502932,1393.6862047594573,True,True,False,,,,,
synthetic_archive,180,double_blip,True,3.0,welch,18000000,H1,-0.3887926564650694,2990.8850793990464,False,True,True,,,,,
synthetic_archive,181,double_blip,True,3.0,welch,18100017,H1,-0.6601663969621524,1679.1094891045514,True,True,True,,,,,
synthetic_archive,182,double_blip,True,3.0,welch,18200034,H1,-0.6536244194627472,1529.9907082345323,False,True,True,,,,,
synthetic_archive,183,double_blip,True,3.0,welch,18300051,H1,-1.1796850930439762,2129.634685876814,False,True,True,,,,,
synthetic_archive,184,double_blip,True,3.0,welch,18400068,L1,-0.322570978934746,149.4044156998207,False,True,True,,,,,
synthetic_archive,185,double_blip,True,3.0,stationary,18500000,H1,-0.7872362028892981,1673.587808733372,False,True,True,,,,,
synthetic_archive,186,double_blip,True,3.0,stationary,18600017,H1,-0.4788005236287737,2085.9724913341147,True,True,True,,,,,
synthetic_archive,187,double_blip,True,3.0,stationary,18700034,H1,-1.4536674807073275,2350.7716172671303,False,True,True,,,,,
synthetic_archive,188,double_blip,True,3.0,stationary,18800051,H1,-1.1031240511660574,1623.803460261374,False,True,True,,,,,
synthetic_archive,189,double_blip,True,3.0,stationary,18900068,L1,-1.2602228528662294,189.721825800094,True,True,True,,,,,
synthetic_archive,190,double_blip,True,6.0,welch,19000000,H1,-1.191915758147893,5273.219244914132,False,False,True,,,,,
synthetic_archive,191,double_blip,True,6.0,welch,19100017,H1,-1.0471946378473558,2313.22805880194,False,True,True,,,,,
synthetic_archive,192,double_blip,True,6.0,welch,19200034,H1,-0.8430156307132275,5243.19601019585,False,True,True,,,,,
synthetic_archive,193,double_blip,True,6.0,welch,19300051,H1,-0.5432660362416988,4649.00399204282,False,True,False,,,,,
synthetic_archive,194,double_blip,True,6.0,welch,19400068,L1,-1.244029475565692,433.5099188580805,False,True,True,,,,,
synthetic_archive,195,double_blip,True,6.0,stationary,19500000,H1,-0.3579444475233643,6562.237928141023,False,True,True,,,,,
synthetic_archive,196,double_blip,True,6.0,stationary,19600017,H1,-1.1546065625157529,5406.215746712826,False,True,True,,,,,
synthetic_archive,197,double_blip,True,6.0,stationary,19700034,H1,-0.7246779494176819,4765.7755957678455,True,True,True,,,,,
synthetic_archive,198,double_blip,True,6.0,stationary,19800051,H1,-0.5152959715866312,4022.648008477459,False,True,True,,,,,
synthetic_archive,199,double_blip,True,6.0,stationary,19900068,L1,-1.147470857232335,462.9151047907332,False,True,True,,,,,
synthetic_archive,200,double_blip,True,10.0,welch,20000000,H1,-1.193148572983458,10988.70524792975,True,True,True,,,,,
synthetic_archive,201,double_blip,True,10.0,welch,20100017,H1,-0.3668333384180967,7658.440208881459,True,True,True,,,,,
synthetic_archive,202,double_blip,True,10.0,welch,20200034,H1,-0.9614092372572052,6712.321529941505,True,True,True,,,,,
synthetic_archive,203,double_blip,True,10.0,welch,20300051,H1,-0.7048922956663021,6660.98490880891,True,True,True,,,,,
synthetic_archive,204,double_blip,True,10.0,welch,20400068,L1,-0.4257370424928023,996.3535531626188,False,True,True,,,,,
synthetic_archive,205,double_blip,True,10.0,stationary,20500000,H1,-0.7791205777907692,8367.113137528868,True,True,True,,,,,
synthetic_archive,206,double_blip,True,10.0,stationary,20600017,H1,-0.9300134595942996,8386.71159381125,False,True,True,,,,,
synthetic_archive,207,double_blip,True,10.0,stationary,20700034,H1,-1.0543299323984674,6568.044422736106,True,False,True,,,,,
synthetic_archive,208,double_blip,True,10.0,stationary,20800051,H1,-1.0389390196301302,7405.997279356959,True,False,True,,,,,
synthetic_archive,209,double_blip,True,10.0,stationary,20900068,L1,-0.7311193460437957,477.28272147281064,False,True,True,,,,,
synthetic_archive,210,narrowband_tone,True,3.0,welch,21000000,H1,-0.5605062555828548,14778.84872435128,False,True,False,,,,,
synthetic_archive,211,narrowband_tone,True,3.0,welch,21100017,H1,-0.7884706717893069,19914.07529030704,False,True,False,,,,,
synthetic_archive,212,narrowband_tone,True,3.0,welch,21200034,H1,-0.8434132188603659,6927.986182800227,False,True,False,,,,,
synthetic_archive,213,narrowband_tone,True,3.0,welch,21300051,H1,-0.5195179911265705,19706.25338689944,False,True,False,,,,,
synthetic_archive,214,narrowband_tone,True,3.0,welch,21400068,L1,-1.226209436053719,585.679469110567,False,True,True,,,,,
synthetic_archive,215,narrowband_tone,True,3.0,stationary,21500000,H1,-0.3755392316509588,18463.39476974296,True,True,True,,,,,
synthetic_archive,216,narrowband_tone,True,3.0,stationary,21600017,H1,-1.1083574797572635,5339.056980248399,False,True,True,,,,,
synthetic_archive,217,narrowband_tone,True,3.0,stationary,21700034,H1,-1.113969473377423,11239.063706862024,False,True,True,,,,,
synthetic_archive,218,narrowband_tone,True,3.0,stationary,21800051,H1,-0.9243880981630086,11169.812784165984,True,True,True,,,,,
synthetic_archive,219,narrowband_tone,True,3.0,stationary,21900068,L1,-0.911903197358356,1326.5277463579298,False,True,True,,,,,
synthetic_archive,220,narrowband_tone,True,6.0,welch,22000000,H1,-0.3391875767199823,24463.99782529907,False,True,True,,,,,
synthetic_archive,221,narrowband_tone,True,6.0,welch,22100017,H1,-0.7015813584675429,24521.482500477498,False,True,True,,,,,
synthetic_archive,222,narrowband_tone,True,6.0,welch,22200034,H1,-0.5027027900451282,37853.87700958797,False,True,False,,,,,
synthetic_archive,223,narrowband_tone,True,6.0,welch,22300051,H1,-0.9343266745843116,22088.264734151944,False,True,True,,,,,
synthetic_archive,224,narrowband_tone,True,6.0,welch,22400068,L1,-1.4167998114209237,2784.297787704813,False,True,True,,,,,
synthetic_archive,225,narrowband_tone,True,6.0,stationary,22500000,H1,-1.1823267810147595,34379.555770976236,False,True,True,,,,,
synthetic_archive,226,narrowband_tone,True,6.0,stationary,22600017,H1,-0.4009374386976848,19528.517708651292,False,True,True,,,,,
synthetic_archive,227,narrowband_tone,True,6.0,stationary,22700034,H1,-0.6749451725067279,27304.096350557324,True,True,False,,,,,
synthetic_archive,228,narrowband_tone,True,6.0,stationary,22800051,H1,-1.4433424474044292,31548.854864206853,True,True,False,,,,,
synthetic_archive,229,narrowband_tone,True,6.0,stationary,22900068,L1,-0.7937198960568125,1585.6805788682238,False,True,True,,,,,
synthetic_archive,230,narrowband_tone,True,10.0,welch,23000000,H1,-1.0371018693718366,40960.758054501865,False,True,False,,,,,
synthetic_archive,231,narrowband_tone,True,10.0,welch,23100017,H1,-1.140925790869889,18903.49895762937,False,True,False,,,,,
synthetic_archive,232,narrowband_tone,True,10.0,welch,23200034,H1,-0.7890035465082811,31436.804723301226,False,True,True,,,,,
synthetic_archive,233,narrowband_tone,True,10.0,welch,23300051,H1,-1.0642823094480216,56334.99461920615,False,True,True,,,,,
synthetic_archive,234,narrowband_tone,True,10.0,welch,23400068,L1,-1.267132596441746,3139.653342285023,False,True,True,,,,,
synthetic_archive,235,narrowband_tone,True,10.0,stationary,23500000,H1,-0.674180736178944,31597.08270867123,False,True,True,,,,,
synthetic_archive,236,narrowband_tone,True,10.0,stationary,23600017,H1,-0.4028625105141815,52108.16086329053,False,True,False,,,,,
synthetic_archive,237,narrowband_tone,True,10.0,stationary,23700034,H1,-0.4033516452445393,64177.97525516757,True,True,False,,,,,
synthetic_archive,238,narrowband_tone,True,10.0,stationary,23800051,H1,-0.4494152724410417,46162.773262435134,False,True,False,,,,,
synthetic_archive,239,narrowband_tone,True,10.0,stationary,23900068,L1,-0.8010568844955781,3833.61146162532,False,True,True,,,,,
official_control,-1,sine_gaussian,False,8.0,welch,0,H1,-1.0,4348.578831049381,True,True,,,,,,
real_native,0,Blip,True,,stationary,0,H1,-1.0,41.97209012301212,,,,Blip,28.7245693206787,1241581364.51025,38.9219605394878,1.461191276862647
real_native,1,Blip,True,,stationary,0,H1,-1.0,34.12124666964073,,,,Blip,18.5389003753662,1240747921.04639,31.64264290053431,1.8405216047754254
real_native,2,Blip,True,,stationary,0,H1,-1.0,21.973736662664514,,,,Blip,14.2938995361328,1240595566.29834,20.378657652533583,1.5372807544308154
real_native,3,Blip,True,,stationary,0,H1,-1.0,40.455042921190596,,,,Blip,22.3089008331299,1263711472.65381,37.51561409700722,1.8134036824043214
real_native,4,Blip,True,,stationary,0,H1,-1.0,38.6379958636694,,,,Blip,17.3188495635986,1260562379.36035,35.834708331442776,2.230979357016887
real_native,5,Blip,True,,stationary,0,H1,-1.0,35.46783430922968,,,,Blip,15.5720996856689,1262928872.50537,32.882557822056974,2.2776526624647127
real_native,6,Blip,True,,stationary,0,H1,-1.0,29.355763965607768,,,,Blip,14.3284797668457,1267959498.61572,27.21468103412598,2.048770312223444
real_native,7,Blip,True,,stationary,0,H1,-1.0,23.406710307546813,,,,Blip,13.1952104568481,1265026947.38379,21.709956710691507,1.773879271125919
real_native,8,Blip,True,,stationary,0,H1,-1.0,39.625452703504294,,,,Blip,24.6336994171143,1240569360.40576,36.74034727392217,1.6085871647834775
real_native,9,Blip,True,,stationary,0,H1,-1.0,29.578129240496377,,,,Blip,21.4035301208496,1253210165.88135,27.43047879209526,1.3819276107021121
real_native,11,Scattered_Light,True,,stationary,0,H1,-1.0,46.65405087676484,,,,Scattered_Light,13.3398504257202,1261529693.125,43.275564270436234,3.49734437702633
real_native,12,Scattered_Light,True,,stationary,0,H1,-1.0,23.18965197420939,,,,Scattered_Light,11.4031600952148,1238738333.875,21.51572082577579,2.0336162765916663
real_native,13,Scattered_Light,True,,stationary,0,H1,-1.0,37.48463080841633,,,,Scattered_Light,11.972430229187,1238552901.375,34.766169109008295,3.1309124455813815
real_native,14,Scattered_Light,True,,stationary,0,H1,-1.0,18.16358117413373,,,,Scattered_Light,9.10639953613281,1238368990.0625,16.84653274889002,1.9945952406396619
real_native,15,Whistle,True,,stationary,0,H1,-1.0,141.60516546308403,,,,Whistle,29.8757991790771,1243985411.88672,131.33981215244887,4.739795063365344
real_native,16,Whistle,True,,stationary,0,H1,-1.0,111.79048394642044,,,,Whistle,29.8157806396484,1240107782.17578,103.67687512591264,3.7493730349546444
real_native,17,Whistle,True,,stationary,0,H1,-1.0,85.34004868229161,,,,Whistle,29.6756591796875,1244757100.73682,79.15429245413608,2.8757591588969813
real_native,18,Whistle,True,,stationary,0,H1,-1.0,101.14101898946366,,,,Whistle,29.5265998840332,1244852394.31396,93.8127088863264,3.425420447552333
real_native,19,Whistle,True,,stationary,0,H1,-1.0,119.28752561078993,,,,Whistle,28.8773403167725,1240771810.58984,110.62781420853422,4.130834914235695
real_native,20,Koi_Fish,True,,stationary,0,H1,-1.0,59.71406454491687,,,,Koi_Fish,29.6348705291748,1238824807.73242,55.39419686725867,2.0149932656574236
real_native,21,Koi_Fish,True,,stationary,0,H1,-1.0,53.175911275782994,,,,Koi_Fish,28.3134708404541,1238563835.38672,49.34195904964297,1.8781134808737614
real_native,22,Koi_Fish,True,,stationary,0,H1,-1.0,55.899113486046524,,,,Koi_Fish,25.8250999450684,1259556042.02539,51.8625726492759,2.1645265112215415
real_native,23,Koi_Fish,True,,stationary,0,H1,-1.0,64.6804083339887,,,,Koi_Fish,26.7551097869873,1264858501.41016,60.046082184418665,2.4174973995227953
real_native,24,Koi_Fish,True,,stationary,0,H1,-1.0,39.70652333738075,,,,Koi_Fish,14.6695604324341,1244083194.32422,36.85880292318633,2.7067289112215276
