cell_id,family,severity,held_out,arm,lo,med,hi,recovers_like_clean,poison_collapsed,n_gates,detector_fired,t_inject_detect_s,t_rebuild_s,t_pe_s,error
0,sine_gaussian,6.0,False,poison_welch,9.980900192260743,10.094963073730469,10.906894493103028,False,True,2,True,2.9939,0.0252,1.6292,
0,sine_gaussian,6.0,False,glitch_orig_asd,99.98467330932617,99.98651504516602,99.98781509399414,False,True,2,True,2.9939,0.0252,1.5919,
0,sine_gaussian,6.0,False,gate_welch,10.02862777709961,10.537778854370117,12.015703964233397,False,True,2,True,2.9939,0.0252,1.6212,
0,sine_gaussian,6.0,False,adapt_full,17.735314750671385,33.143632888793945,44.82343502044678,True,False,2,True,2.9939,0.0252,1.5177,
0,sine_gaussian,6.0,False,fft_replace,9.962743186950684,10.017061233520508,10.15101261138916,False,True,2,True,2.9939,0.0252,1.5324,
1,sine_gaussian,6.0,False,poison_welch,12.741352081298828,16.861108779907227,27.636760330200193,False,False,2,True,3.1031,0.0266,1.3144,
1,sine_gaussian,6.0,False,glitch_orig_asd,14.551416015625,25.181822776794434,44.64315319061279,True,False,2,True,3.1031,0.0266,1.6031,
1,sine_gaussian,6.0,False,gate_welch,12.784524726867676,17.465879440307617,37.281449699401854,False,False,2,True,3.1031,0.0266,1.5014,
1,sine_gaussian,6.0,False,adapt_full,18.19098491668701,33.097246170043945,45.33528861999512,True,False,2,True,3.1031,0.0266,1.3979,
1,sine_gaussian,6.0,False,fft_replace,9.957575798034668,10.021478652954102,10.170267677307129,False,True,2,True,3.1031,0.0266,1.4927,
2,sine_gaussian,10.0,False,poison_welch,12.070995330810547,15.670949935913086,22.201397705078126,False,False,1,True,3.1055,0.0257,1.3742,
2,sine_gaussian,10.0,False,glitch_orig_asd,11.421103286743165,15.180095672607422,26.77473125457763,False,False,1,True,3.1055,0.0257,1.5791,
2,sine_gaussian,10.0,False,gate_welch,13.504719543457032,18.918603897094727,31.77651710510253,False,False,1,True,3.1055,0.0257,1.6394,
2,sine_gaussian,10.0,False,adapt_full,19.96223087310791,35.65942573547363,44.94031600952148,True,False,1,True,3.1055,0.0257,1.5544,
2,sine_gaussian,10.0,False,fft_replace,9.9595796585083,10.0186767578125,10.16649055480957,False,True,1,True,3.1055,0.0257,1.6325,
3,sine_gaussian,10.0,False,poison_welch,14.730349349975587,21.575428009033203,44.26081047058105,False,False,1,True,3.1401,0.0258,1.4509,
3,sine_gaussian,10.0,False,glitch_orig_asd,16.796185111999513,30.3344087600708,45.32676258087158,True,False,1,True,3.1401,0.0258,1.395,
3,sine_gaussian,10.0,False,gate_welch,16.295743942260742,28.371256828308105,46.571049499511716,True,False,1,True,3.1401,0.0258,1.5894,
3,sine_gaussian,10.0,False,adapt_full,21.089264488220216,34.59236526489258,44.616001510620116,True,False,1,True,3.1401,0.0258,1.5986,
3,sine_gaussian,10.0,False,fft_replace,9.958190536499023,10.026317596435547,10.198556900024414,False,True,1,True,3.1401,0.0258,1.5785,
4,broadband_burst,6.0,False,poison_welch,9.992894744873047,10.179828643798828,11.204535293579102,False,True,1,True,3.1553,0.0279,1.4726,
4,broadband_burst,6.0,False,glitch_orig_asd,99.91976928710938,99.92405700683594,99.98379592895508,False,True,1,True,3.1553,0.0279,1.4564,
4,broadband_burst,6.0,False,gate_welch,9.97668399810791,10.052845001220703,10.349333763122559,False,True,1,True,3.1553,0.0279,1.5751,
4,broadband_burst,6.0,False,adapt_full,9.03569393157959,9.066864013671875,9.094959259033203,False,True,1,True,3.1553,0.0279,1.5219,
4,broadband_burst,6.0,False,fft_replace,9.045274353027343,9.078161239624023,9.108384323120116,False,True,1,True,3.1553,0.0279,1.6177,
5,broadband_burst,6.0,False,poison_welch,10.171185874938965,11.445585250854492,14.842867279052733,False,True,1,True,3.1892,0.027,1.4579,
5,broadband_burst,6.0,False,glitch_orig_asd,9.660557174682618,9.716825485229492,9.789451026916504,False,True,1,True,3.1892,0.027,1.5102,
5,broadband_burst,6.0,False,gate_welch,9.965823554992676,10.04594612121582,10.354730606079102,False,True,1,True,3.1892,0.027,1.675,
5,broadband_burst,6.0,False,adapt_full,10.55287208557129,12.758148193359375,16.57300224304199,False,False,1,True,3.1892,0.027,1.4391,
5,broadband_burst,6.0,False,fft_replace,9.997810745239258,10.178762435913086,10.944296264648438,False,True,1,True,3.1892,0.027,1.547,
6,broadband_burst,10.0,False,poison_welch,9.890977668762208,9.911491394042969,9.952420616149903,False,True,1,True,3.1729,0.0263,1.4797,
6,broadband_burst,10.0,False,glitch_orig_asd,102.52587280273437,102.83112335205078,103.17337608337402,False,True,1,True,3.1729,0.0263,1.4433,
6,broadband_burst,10.0,False,gate_welch,9.95936450958252,10.020519256591797,10.218290901184082,False,True,1,True,3.1729,0.0263,1.6466,
6,broadband_burst,10.0,False,adapt_full,20.536888885498048,34.73441696166992,45.53262443542481,True,False,1,True,3.1729,0.0263,1.5393,
6,broadband_burst,10.0,False,fft_replace,9.950477790832519,10.020553588867188,10.136555480957032,False,True,1,True,3.1729,0.0263,1.5648,
7,broadband_burst,10.0,False,poison_welch,9.92636318206787,9.975088119506836,10.063508224487304,False,True,1,True,3.1774,0.0263,1.4166,
7,broadband_burst,10.0,False,glitch_orig_asd,98.36508331298828,99.39657974243164,102.59618034362794,False,True,1,True,3.1774,0.0263,1.412,
7,broadband_burst,10.0,False,gate_welch,9.948906326293946,10.021150588989258,10.185153007507324,False,True,1,True,3.1774,0.0263,1.6332,
7,broadband_burst,10.0,False,adapt_full,18.465380477905274,34.729562759399414,45.099694633483885,True,False,1,True,3.1774,0.0263,1.4734,
7,broadband_burst,10.0,False,fft_replace,9.951905059814454,10.010679244995117,10.140861701965331,False,True,1,True,3.1774,0.0263,1.4918,
8,scattered_light,6.0,False,poison_welch,14.020838165283203,18.877477645874023,35.38075218200683,False,False,1,True,3.1994,0.0245,1.4704,
8,scattered_light,6.0,False,glitch_orig_asd,8.650691413879395,8.670438766479492,8.692523574829101,False,True,1,True,3.1994,0.0245,1.3668,
8,scattered_light,6.0,False,gate_welch,12.795232772827148,16.90693473815918,22.771608543395992,False,False,1,True,3.1994,0.0245,1.6175,
8,scattered_light,6.0,False,adapt_full,21.40392303466797,35.45156288146973,45.13487663269043,True,False,1,True,3.1994,0.0245,1.5138,
8,scattered_light,6.0,False,fft_replace,9.954413986206054,10.01815414428711,10.141860580444336,False,True,1,True,3.1994,0.0245,1.5925,
9,scattered_light,6.0,False,poison_welch,15.800356483459472,25.02300453186035,45.38201503753662,True,False,1,True,3.1602,0.0254,1.4427,
9,scattered_light,6.0,False,glitch_orig_asd,10.214484024047852,11.318717956542969,12.830184745788573,False,True,1,True,3.1602,0.0254,1.4691,
9,scattered_light,6.0,False,gate_welch,18.3956205368042,31.45131492614746,46.19805393218994,True,False,1,True,3.1602,0.0254,1.481,
9,scattered_light,6.0,False,adapt_full,19.3980806350708,34.54599380493164,44.89055137634277,True,False,1,True,3.1602,0.0254,1.5218,
9,scattered_light,6.0,False,fft_replace,9.960611343383789,10.025545120239258,10.207620620727539,False,True,1,True,3.1602,0.0254,1.5265,
10,scattered_light,10.0,False,poison_welch,10.053657913208008,10.915023803710938,13.607100486755371,False,True,1,True,3.1716,0.0254,1.4576,
10,scattered_light,10.0,False,glitch_orig_asd,103.06275939941406,103.06295776367188,103.06462783813477,False,True,1,True,3.1716,0.0254,1.5959,
10,scattered_light,10.0,False,gate_welch,10.733587074279786,13.018835067749023,16.894278717041015,False,False,1,True,3.1716,0.0254,1.6202,
10,scattered_light,10.0,False,adapt_full,19.433145141601564,35.13646697998047,45.25566577911377,True,False,1,True,3.1716,0.0254,1.535,
10,scattered_light,10.0,False,fft_replace,9.95504264831543,10.020866394042969,10.214006233215333,False,True,1,True,3.1716,0.0254,1.514,
11,scattered_light,10.0,False,poison_welch,9.924081230163575,9.968904495239258,10.060527992248534,False,True,1,True,3.2005,0.0256,1.4963,
11,scattered_light,10.0,False,glitch_orig_asd,7.707063674926758,7.707954406738281,7.7085224151611325,False,True,1,True,3.2005,0.0256,1.5515,
11,scattered_light,10.0,False,gate_welch,9.966613960266113,10.079370498657227,10.827612113952636,False,True,1,True,3.2005,0.0256,1.4507,
11,scattered_light,10.0,False,adapt_full,100.02601776123046,100.03582763671875,100.04316902160645,False,True,1,True,3.2005,0.0256,1.6733,
11,scattered_light,10.0,False,fft_replace,100.0238712310791,100.03331756591797,100.41877746582031,False,True,1,True,3.2005,0.0256,1.3476,
12,ringing,6.0,True,poison_welch,9.929360580444335,9.980323791503906,10.095735931396485,False,True,1,True,3.1865,0.0272,1.4469,
12,ringing,6.0,True,glitch_orig_asd,99.8907257080078,99.8925552368164,99.89527053833008,False,True,1,True,3.1865,0.0272,1.4846,
12,ringing,6.0,True,gate_welch,10.001233100891113,10.10045051574707,10.681175231933594,False,True,1,True,3.1865,0.0272,1.6747,
12,ringing,6.0,True,adapt_full,17.749795150756835,34.26683044433594,45.05185337066651,True,False,1,True,3.1865,0.0272,1.4875,
12,ringing,6.0,True,fft_replace,9.95471477508545,10.012435913085938,10.140076828002929,False,True,1,True,3.1865,0.0272,1.3774,
13,ringing,6.0,True,poison_welch,10.619240951538085,12.578325271606445,16.152693939208984,False,False,1,True,3.1682,0.0268,1.4759,
13,ringing,6.0,True,glitch_orig_asd,8.883758354187012,8.925159454345703,8.943010520935058,False,True,1,True,3.1682,0.0268,1.5707,
13,ringing,6.0,True,gate_welch,9.98487720489502,10.082231521606445,10.516689491271972,False,True,1,True,3.1682,0.0268,1.5672,
13,ringing,6.0,True,adapt_full,20.783052825927733,34.60369110107422,44.29034843444824,True,False,1,True,3.1682,0.0268,1.4672,
13,ringing,6.0,True,fft_replace,9.955420112609863,10.018194198608398,10.134090805053711,False,True,1,True,3.1682,0.0268,1.5622,
14,ringing,10.0,True,poison_welch,9.941728019714356,9.992341995239258,10.117127609252929,False,True,1,True,3.1827,0.026,1.4844,
14,ringing,10.0,True,glitch_orig_asd,100.29612579345704,100.34457015991211,100.4098403930664,False,True,1,True,3.1827,0.026,1.528,
14,ringing,10.0,True,gate_welch,9.976937294006348,10.05400276184082,10.357646560668945,False,True,1,True,3.1827,0.026,1.6365,
14,ringing,10.0,True,adapt_full,19.58889675140381,35.222768783569336,45.143081474304196,True,False,1,True,3.1827,0.026,1.5217,
14,ringing,10.0,True,fft_replace,9.956293487548828,10.020730972290039,10.174878311157226,False,True,1,True,3.1827,0.026,1.4128,
15,ringing,10.0,True,poison_welch,9.916188430786132,9.950889587402344,10.018388557434083,False,True,1,True,3.2224,0.0314,1.471,
15,ringing,10.0,True,glitch_orig_asd,9.223922729492188,9.283899307250977,9.70497989654541,False,True,1,True,3.2224,0.0314,1.4404,
15,ringing,10.0,True,gate_welch,10.00014762878418,10.124914169311523,10.752964973449707,False,True,1,True,3.2224,0.0314,1.6301,
15,ringing,10.0,True,adapt_full,16.92741165161133,30.971654891967773,44.77580108642578,True,False,1,True,3.2224,0.0314,1.4792,
15,ringing,10.0,True,fft_replace,9.952729988098145,10.004940032958984,10.1094331741333,False,True,1,True,3.2224,0.0314,1.5146,
