cell_id,family,held_out,severity,asd_policy,seed,detectors,t_rel,params_json,poison_lo,poison_med,poison_hi,poison_collapsed,gated_lo,gated_med,gated_hi,gated_recovers,oracle_lo,oracle_med,oracle_hi,oracle_recovers,detector_n_gates,detector_fired,oracle_only_recovery,residual_power_H1,residual_power_L1,error,elapsed_s,gs_label,gs_event_time,gs_snr,gs_duration,gs_confidence,excerpt_window_s,severity_mode,scale_k,native_snr,injected_snr_w,injected_inband_rms_ratio,is_noise_control,gates_json
0,Blip,True,nan,stationary,0,H1,-0.37791309145467816,"{""gs_event_time"": 1241581364.51025, ""window_s"": 1.0, ""mode"": ""native""}",19.504533195495604,33.748300552368164,45.98140048980713,False,19.485009574890135,34.015377044677734,45.7840015411377,True,15.656452751159668,30.24016571044922,45.22098159790039,True,0,False,False,0.0,0.0,,4.282,Blip,1241581364.51025,28.7245693206787,0.25,0.9999998807907104,1.0,native,34.44049011860848,27.370771657408476,27.370771657408472,0.004521914624871528,False,[]
1,Blip,True,3.0,stationary,0,H1,-0.37791309145467816,"{""gs_event_time"": 1241581364.51025, ""window_s"": 1.0, ""mode"": ""ladder""}",7.6473184585571286,7.653221130371094,7.6649932861328125,True,20.330930519104005,35.11126708984375,44.621768379211424,True,14.80052146911621,28.605327606201172,44.92877559661865,True,1,True,False,0.08631126566663408,0.0,,4.274,Blip,1241581364.51025,28.7245693206787,0.25,0.9999998807907104,1.0,ladder,22849.053758674378,27.370771657408476,18158.74950857974,3.0,False,"[[-2.0, 2.0]]"
2,Blip,True,6.0,stationary,0,H1,-0.37791309145467816,"{""gs_event_time"": 1241581364.51025, ""window_s"": 1.0, ""mode"": ""ladder""}",103.44783020019531,103.47232055664062,103.57321166992188,True,21.694018936157228,36.16169548034668,45.10970821380615,True,12.91431884765625,23.28014373779297,42.67490768432617,False,1,True,False,0.08631313382601088,0.0,,3.92,Blip,1241581364.51025,28.7245693206787,0.25,0.9999998807907104,1.0,ladder,45698.107517348755,27.370771657408476,36317.49901715948,6.0,False,"[[-2.0, 2.0]]"
3,Blip,True,10.0,stationary,0,H1,-0.37791309145467816,"{""gs_event_time"": 1241581364.51025, ""window_s"": 1.0, ""mode"": ""ladder""}",103.28319053649902,103.483154296875,103.48338050842285,True,20.76912326812744,35.42982482910156,44.86662063598633,True,10.700535202026368,13.457996368408203,21.06940231323242,False,1,True,False,0.08631756184056526,0.0,,4.275,Blip,1241581364.51025,28.7245693206787,0.25,0.9999998807907104,1.0,ladder,76163.5125289146,27.370771657408476,60529.16502859914,10.0,False,"[[-2.0, 2.0]]"
4,Blip,True,nan,stationary,0,H1,-0.5209757350541615,"{""gs_event_time"": 1240747921.04639, ""window_s"": 1.0, ""mode"": ""native""}",19.58366870880127,35.281288146972656,44.959115219116214,False,18.805903816223143,33.39225196838379,44.9089656829834,True,11.90319595336914,17.73910140991211,40.84447441101074,False,1,True,False,0.03512819943758016,0.0,,4.313,Blip,1240747921.04639,18.5389003753662,0.09375,0.9999998807907104,1.0,native,54.003019607542136,27.282216663097007,27.282216663097014,0.004709038160890981,False,"[[-1.213, -0.287]]"
5,Blip,True,3.0,stationary,0,H1,-0.5209757350541615,"{""gs_event_time"": 1240747921.04639, ""window_s"": 1.0, ""mode"": ""ladder""}",7.514176750183106,7.5184478759765625,7.524865341186524,True,20.31855754852295,34.67180061340332,45.196665382385255,True,14.751275634765625,26.297107696533203,43.97966251373291,True,1,True,False,0.08631126554993959,0.0,,4.377,Blip,1240747921.04639,18.5389003753662,0.09375,0.9999998807907104,1.0,ladder,34403.85345952967,27.282216663097007,17380.757427076172,3.0,False,"[[-2.0, 2.0]]"
6,Blip,True,6.0,stationary,0,H1,-0.5209757350541615,"{""gs_event_time"": 1240747921.04639, ""window_s"": 1.0, ""mode"": ""ladder""}",7.485380172729492,7.487831115722656,7.489748001098633,True,19.900809478759765,34.54355239868164,44.85314655303955,True,17.279565811157227,33.55864334106445,45.932539558410646,True,1,True,False,0.0863131335926106,0.0,,4.237,Blip,1240747921.04639,18.5389003753662,0.09375,0.9999998807907104,1.0,ladder,68807.70691905935,27.282216663097007,34761.514854152345,6.0,False,"[[-2.0, 2.0]]"
7,Blip,True,10.0,stationary,0,H1,-0.5209757350541615,"{""gs_event_time"": 1240747921.04639, ""window_s"": 1.0, ""mode"": ""ladder""}",103.53396606445312,103.53684997558594,103.53959579467774,True,21.570606994628907,34.38222885131836,44.9608003616333,True,20.67774715423584,35.10536766052246,45.90439167022705,True,1,True,False,0.08631756145155452,0.0,,4.276,Blip,1240747921.04639,18.5389003753662,0.09375,0.9999998807907104,1.0,ladder,114679.51153176559,27.282216663097007,57935.85809025391,10.0,False,"[[-2.0, 2.0]]"
8,Blip,True,nan,stationary,0,H1,-1.4967137997958222,"{""gs_event_time"": 1240595566.29834, ""window_s"": 1.0, ""mode"": ""native""}",17.557370376586913,33.46277046203613,45.654277610778806,False,13.195022583007812,21.47606086730957,42.73092346191406,False,19.00011463165283,34.296504974365234,44.85109176635742,True,1,True,True,0.043991692102857485,0.0,,4.322,Blip,1240595566.29834,14.2938995361328,0.0781200006604195,0.9999998807907104,1.0,native,31.50325342416871,12.583806420976098,12.583806420976098,0.002095137208338339,False,"[[-2.0, -1.037]]"
9,Blip,True,3.0,stationary,0,H1,-1.4967137997958222,"{""gs_event_time"": 1240595566.29834, ""window_s"": 1.0, ""mode"": ""ladder""}",7.653777313232422,7.683734893798828,7.701698303222656,True,100.04267768859863,100.95038604736328,102.6182357788086,False,18.154193878173828,34.2078971862793,45.66128635406494,True,1,True,True,0.0863107826202209,0.0,,4.187,Blip,1240595566.29834,14.2938995361328,0.0781200006604195,0.9999998807907104,1.0,ladder,45109.103067985765,12.583806420976098,18018.5904353582,2.9999999999999996,False,"[[-2.0, 2.0]]"
10,Blip,True,6.0,stationary,0,H1,-1.4967137997958222,"{""gs_event_time"": 1240595566.29834, ""window_s"": 1.0, ""mode"": ""ladder""}",103.33939094543457,103.34150314331055,103.54883346557617,True,7.651924514770508,7.685466766357422,7.6997583389282225,False,18.4187442779541,30.91168785095215,45.64117012023926,True,1,True,True,0.0863112017249376,0.0,,4.115,Blip,1240595566.29834,14.2938995361328,0.0781200006604195,0.9999998807907104,1.0,ladder,90218.20613597153,12.583806420976098,36037.1808707164,5.999999999999999,False,"[[-2.0, 2.0]]"
11,Blip,True,10.0,stationary,0,H1,-1.4967137997958222,"{""gs_event_time"": 1240595566.29834, ""window_s"": 1.0, ""mode"": ""ladder""}",103.33309936523438,103.33343505859375,103.38489112854003,True,7.685947418212891,7.688556671142578,7.692691802978516,False,18.60816421508789,32.38864707946777,45.33460521697998,True,1,True,True,0.08631219513065311,0.0,,4.373,Blip,1240595566.29834,14.2938995361328,0.0781200006604195,0.9999998807907104,1.0,ladder,150363.67689328588,12.583806420976098,60061.96811786066,9.999999999999996,False,"[[-2.0, 2.0]]"
12,Blip,True,nan,stationary,0,H1,-0.4711148680949168,"{""gs_event_time"": 1263711472.65381, ""window_s"": 1.0, ""mode"": ""native""}",19.214026260375977,35.126808166503906,45.63749256134033,False,17.939535713195802,34.34944152832031,45.08480663299561,True,15.258060264587403,30.74370765686035,44.95520133972168,True,1,True,False,0.04859621667572654,0.0,,4.221,Blip,1263711472.65381,22.3089008331299,0.15625,0.9999997615814208,1.0,native,48.439330746417426,33.91878236902087,33.91878236902086,0.006754077634994689,False,"[[-1.213, 0.338]]"
13,Blip,True,3.0,stationary,0,H1,-0.4711148680949168,"{""gs_event_time"": 1263711472.65381, ""window_s"": 1.0, ""mode"": ""ladder""}",99.94696884155273,99.96064758300781,99.96259918212891,True,19.24910526275635,35.55726623535156,45.19049568176269,True,14.71621913909912,29.310470581054688,44.75329360961914,True,1,True,False,0.08631127815264523,0.0,,4.295,Blip,1263711472.65381,22.3089008331299,0.15625,0.9999997615814208,1.0,ladder,21515.59400003351,33.91878236902087,15065.913157384453,2.9999999999999996,False,"[[-2.0, 2.0]]"
14,Blip,True,6.0,stationary,0,H1,-0.4711148680949168,"{""gs_event_time"": 1263711472.65381, ""window_s"": 1.0, ""mode"": ""ladder""}",,,,,,,,,,,,,,,,,,AssertionError: ,1.474,Blip,1263711472.65381,22.3089008331299,0.15625,0.9999997615814208,1.0,ladder,43031.18800006702,33.91878236902087,30131.826314768907,5.999999999999999,False,
15,Blip,True,10.0,stationary,0,H1,-0.4711148680949168,"{""gs_event_time"": 1263711472.65381, ""window_s"": 1.0, ""mode"": ""ladder""}",7.7159881591796875,103.2301254272461,103.25332336425781,False,19.52775630950928,34.509056091308594,44.57673511505127,True,12.553042030334472,22.267436981201172,44.34961433410645,False,1,True,False,0.08631760364737887,0.0,,4.164,Blip,1263711472.65381,22.3089008331299,0.15625,0.9999997615814208,1.0,ladder,71718.64666677837,33.91878236902087,50219.71052461484,10.0,False,"[[-2.0, 2.0]]"
16,Blip,True,nan,stationary,0,H1,-1.4596973096334427,"{""gs_event_time"": 1260562379.36035, ""window_s"": 1.0, ""mode"": ""native""}",15.992744445800781,33.00474548339844,45.9993091583252,False,17.208985328674316,32.657033920288086,45.44860019683838,True,19.14467258453369,33.79565238952637,44.7544605255127,True,1,True,False,0.04769599730125745,0.0,,4.287,Blip,1260562379.36035,17.3188495635986,0.15625,0.9999997615814208,1.0,native,57.667258601307495,32.0497865440787,32.0497865440787,0.008777986800201334,False,"[[-2.0, -0.787]]"
17,Blip,True,3.0,stationary,0,H1,-1.4596973096334427,"{""gs_event_time"": 1260562379.36035, ""window_s"": 1.0, ""mode"": ""ladder""}",100.00168685913086,100.00585174560547,101.71362571716308,True,99.94856491088868,99.96076583862305,100.26465606689453,False,15.866334533691406,30.517983436584473,45.26162815093994,True,1,True,True,0.08631082105411468,0.0,,4.224,Blip,1260562379.36035,17.3188495635986,0.15625,0.9999997615814208,1.0,ladder,19708.593751810433,32.0497865440787,10953.46368372652,3.0,False,"[[-2.0, 2.0]]"
18,Blip,True,6.0,stationary,0,H1,-1.4596973096334427,"{""gs_event_time"": 1260562379.36035, ""window_s"": 1.0, ""mode"": ""ladder""}",7.6866802215576175,7.691738128662109,7.701016426086426,True,99.95171585083008,100.0175666809082,100.0228443145752,False,14.841878890991211,26.69423198699951,45.51090755462646,True,1,True,True,0.086311376505133,0.0,,4.17,Blip,1260562379.36035,17.3188495635986,0.15625,0.9999997615814208,1.0,ladder,39417.187503620866,32.0497865440787,21906.92736745304,6.0,False,"[[-2.0, 2.0]]"
19,Blip,True,10.0,stationary,0,H1,-1.4596973096334427,"{""gs_event_time"": 1260562379.36035, ""window_s"": 1.0, ""mode"": ""ladder""}",7.522333335876465,7.667366027832031,7.696795654296875,True,7.6428831100463865,7.658403396606445,7.6608123779296875,False,13.096817016601562,20.466720581054688,43.6478609085083,False,1,True,False,0.08631270400793767,0.0,,4.399,Blip,1260562379.36035,17.3188495635986,0.15625,0.9999997615814208,1.0,ladder,65695.31250603478,32.0497865440787,36511.54561242174,10.000000000000002,False,"[[-2.0, 2.0]]"
20,Blip,True,nan,stationary,0,H1,-0.6244134642840672,"{""gs_event_time"": 1262928872.50537, ""window_s"": 1.0, ""mode"": ""native""}",15.563970947265625,31.38343334197998,44.577898216247554,False,19.236664009094238,34.9359130859375,45.03000984191895,True,17.56630058288574,30.65322494506836,45.42777671813965,True,1,True,False,0.044881638646369855,0.0,,4.165,Blip,1262928872.50537,15.5720996856689,0.125,0.9999997615814208,1.0,native,66.40806055919575,28.71106241925495,28.711062419254944,0.011900735492742722,False,"[[-1.338, 0.088]]"
21,Blip,True,3.0,stationary,0,H1,-0.6244134642840672,"{""gs_event_time"": 1262928872.50537, ""window_s"": 1.0, ""mode"": ""ladder""}",103.08071479797363,103.29129028320312,103.29743881225586,True,20.629463386535644,34.181528091430664,45.15130634307861,True,16.862734603881837,28.75644588470459,45.88350639343262,True,1,True,False,0.08591048191594462,0.0,,4.22,Blip,1262928872.50537,15.5720996856689,0.125,0.9999997615814208,1.0,ladder,16740.493207254094,28.71106241925495,7237.635632712816,3.0,False,"[[-2.0, 1.963]]"
22,Blip,True,6.0,stationary,0,H1,-0.6244134642840672,"{""gs_event_time"": 1262928872.50537, ""window_s"": 1.0, ""mode"": ""ladder""}",7.710954856872559,7.71159553527832,7.711982727050781,True,20.40246696472168,34.92231559753418,45.534301376342775,True,16.128696823120116,27.035932540893555,45.96952171325683,True,1,True,False,0.08631316801022663,0.0,,4.233,Blip,1262928872.50537,15.5720996856689,0.125,0.9999997615814208,1.0,ladder,33480.98641450819,28.71106241925495,14475.271265425632,6.0,False,"[[-2.0, 2.0]]"
23,Blip,True,10.0,stationary,0,H1,-0.6244134642840672,"{""gs_event_time"": 1262928872.50537, ""window_s"": 1.0, ""mode"": ""ladder""}",7.499933242797852,7.500835418701172,7.502569198608398,True,20.582916450500488,34.90312194824219,44.70732707977295,True,15.329401016235352,25.251453399658203,46.05876121520996,True,1,True,False,0.08631761857947942,0.0,,4.286,Blip,1262928872.50537,15.5720996856689,0.125,0.9999997615814208,1.0,ladder,55801.644024180314,28.71106241925495,24125.452109042722,10.0,False,"[[-2.0, 2.0]]"
24,Blip,True,nan,stationary,0,H1,-1.289213255276929,"{""gs_event_time"": 1267959498.61572, ""window_s"": 1.0, ""mode"": ""native""}",18.142312431335448,33.30674934387207,45.004615783691406,False,19.317223358154298,34.97517776489258,45.35115509033203,True,20.03635597229004,32.473127365112305,42.53247337341308,True,1,True,False,0.04923287627261178,0.0,,4.165,Blip,1267959498.61572,14.3284797668457,0.0781200006604195,0.9999997615814208,1.0,native,50.57590579269152,21.99321168248626,21.99321168248626,0.0046541208857909825,False,"[[-2.0, -0.662]]"
25,Blip,True,3.0,stationary,0,H1,-1.289213255276929,"{""gs_event_time"": 1267959498.61572, ""window_s"": 1.0, ""mode"": ""ladder""}",99.9696891784668,99.97047424316406,99.97091255187988,True,8.931887817382812,8.995290756225586,9.05378532409668,False,13.980947494506836,21.429067611694336,40.456733512878415,False,1,True,False,0.0863110232688136,0.0,,4.193,Blip,1267959498.61572,14.3284797668457,0.0781200006604195,0.9999997615814208,1.0,ladder,32600.725486374635,21.99321168248626,14176.60534965785,3.0,False,"[[-2.0, 2.0]]"
26,Blip,True,6.0,stationary,0,H1,-1.289213255276929,"{""gs_event_time"": 1267959498.61572, ""window_s"": 1.0, ""mode"": ""ladder""}",7.683348083496094,7.692934036254883,7.704258918762207,True,11.513961029052734,11.800397872924805,12.200152587890624,False,11.088343238830566,13.547971725463867,18.304383850097658,False,1,True,False,0.086312161842482,0.0,,4.287,Blip,1267959498.61572,14.3284797668457,0.0781200006604195,0.9999997615814208,1.0,ladder,65201.45097274927,21.99321168248626,28353.2106993157,6.0,False,"[[-2.0, 2.0]]"
27,Blip,True,10.0,stationary,0,H1,-1.289213255276929,"{""gs_event_time"": 1267959498.61572, ""window_s"": 1.0, ""mode"": ""ladder""}",7.481233978271485,7.483198165893555,7.492453765869141,True,99.88722229003906,99.88829040527344,99.89444923400879,False,10.061155128479005,10.613630294799805,12.259762001037597,False,1,True,False,0.08631485932278554,0.0,,4.253,Blip,1267959498.61572,14.3284797668457,0.0781200006604195,0.9999997615814208,1.0,ladder,108669.08495458211,21.99321168248626,47255.35116552616,10.0,False,"[[-2.0, 2.0]]"
28,Blip,True,nan,stationary,0,H1,-0.4641852931801361,"{""gs_event_time"": 1265026947.38379, ""window_s"": 1.0, ""mode"": ""native""}",17.197566795349122,31.167407989501953,44.64920787811279,False,17.0390567779541,32.488525390625,45.46444873809814,True,16.441167640686036,32.65065002441406,44.81582202911377,True,0,False,False,0.0,0.0,,4.868,Blip,1265026947.38379,13.1952104568481,0.0390600003302097,0.9999997615814208,1.0,native,42.27607522203694,14.641882280005287,14.641882280005285,0.002659466917543934,False,[]
29,Blip,True,3.0,stationary,0,H1,-0.4641852931801361,"{""gs_event_time"": 1265026947.38379, ""window_s"": 1.0, ""mode"": ""ladder""}",7.514703941345215,7.515537261962891,7.516954231262207,True,20.737564086914062,34.83392333984375,45.05747032165527,True,14.314720726013183,27.201276779174805,45.180091285705565,True,1,True,False,0.08631126537165058,0.0,,4.233,Blip,1265026947.38379,13.1952104568481,0.0390600003302097,0.9999997615814208,1.0,ladder,47689.34135989891,14.641882280005287,16516.711131184886,3.0,False,"[[-2.0, 2.0]]"
30,Blip,True,6.0,stationary,0,H1,-0.4641852931801361,"{""gs_event_time"": 1265026947.38379, ""window_s"": 1.0, ""mode"": ""ladder""}",7.424889373779297,7.427043914794922,7.429622077941895,True,20.47642765045166,34.647151947021484,45.2574254989624,True,12.746211624145507,21.257993698120117,43.54295692443848,False,1,True,False,0.08631313323602478,0.0,,4.394,Blip,1265026947.38379,13.1952104568481,0.0390600003302097,0.9999997615814208,1.0,ladder,95378.68271979781,14.641882280005287,33033.42226236977,6.0,False,"[[-2.0, 2.0]]"
31,Blip,True,10.0,stationary,0,H1,-0.4641852931801361,"{""gs_event_time"": 1265026947.38379, ""window_s"": 1.0, ""mode"": ""ladder""}",103.70243644714355,103.70507049560547,103.70747718811035,True,20.160371208190917,35.01091766357422,45.02649993896485,True,10.280508995056152,12.614252090454102,17.52896156311035,False,1,True,False,0.08631756085723943,0.0,,4.218,Blip,1265026947.38379,13.1952104568481,0.0390600003302097,0.9999997615814208,1.0,ladder,158964.471199663,14.641882280005287,55055.70377061628,9.999999999999996,False,"[[-2.0, 2.0]]"
32,Blip,True,nan,stationary,0,H1,-0.85024653570109,"{""gs_event_time"": 1240569360.40576, ""window_s"": 1.0, ""mode"": ""native""}",17.75433349609375,32.86872100830078,44.261026763916014,False,19.326297760009766,34.21360397338867,45.3394416809082,True,22.476247787475586,35.83019256591797,45.126508712768555,True,1,True,False,0.04984795966028404,0.0,,4.33,Blip,1240569360.40576,24.6336994171143,0.1875,0.9999996423721312,1.0,native,45.21452015740471,33.05927425292082,33.05927425292082,0.006829940210972637,False,"[[-1.713, -0.037]]"
33,Blip,True,3.0,stationary,0,H1,-0.85024653570109,"{""gs_event_time"": 1240569360.40576, ""window_s"": 1.0, ""mode"": ""ladder""}",7.581022262573242,7.590240478515625,7.598691940307617,True,21.031226921081544,35.94438171386719,45.32960510253906,True,22.49806079864502,35.790056228637695,45.135977554321286,True,1,True,False,0.0863112831650164,0.0,,4.404,Blip,1240569360.40576,24.6336994171143,0.1875,0.9999996423721312,1.0,ladder,19860.13878339609,33.05927425292082,14521.038207542197,3.0000000000000004,False,"[[-2.0, 2.0]]"
34,Blip,True,6.0,stationary,0,H1,-0.85024653570109,"{""gs_event_time"": 1240569360.40576, ""window_s"": 1.0, ""mode"": ""ladder""}",7.700898742675781,7.703453063964844,7.746936225891114,True,21.138278770446778,34.15793991088867,44.9832275390625,True,18.99272003173828,33.26576805114746,43.79815120697022,True,1,True,False,0.08631316866345548,0.0,,4.886,Blip,1240569360.40576,24.6336994171143,0.1875,0.9999996423721312,1.0,ladder,39720.27756679218,33.05927425292082,29042.076415084393,6.000000000000001,False,"[[-2.0, 2.0]]"
35,Blip,True,10.0,stationary,0,H1,-0.85024653570109,"{""gs_event_time"": 1240569360.40576, ""window_s"": 1.0, ""mode"": ""ladder""}",103.28864707946778,103.28952026367188,103.41259269714355,True,20.121165657043456,34.90428924560547,45.055853843688965,True,15.711986541748047,28.67836856842041,42.776813697814944,True,1,True,False,0.08631761954760779,0.0,,4.501,Blip,1240569360.40576,24.6336994171143,0.1875,0.9999996423721312,1.0,ladder,66200.4626113203,33.05927425292082,48403.46069180732,10.000000000000002,False,"[[-2.0, 2.0]]"
36,Blip,True,nan,stationary,0,H1,-1.1403457313551382,"{""gs_event_time"": 1253210165.88135, ""window_s"": 1.0, ""mode"": ""native""}",18.278196716308592,34.603065490722656,45.3734073638916,False,18.6679105758667,33.29922866821289,45.30062408447266,True,12.492740440368653,18.50343132019043,41.777046775817865,False,0,False,False,0.0,0.0,,4.345,Blip,1253210165.88135,21.4035301208496,0.1875,0.9999996423721312,1.0,native,0.0,0.0,0.0,0.0021456748718107765,False,[]
37,Blip,True,3.0,stationary,0,H1,-1.1403457313551382,"{""gs_event_time"": 1253210165.88135, ""window_s"": 1.0, ""mode"": ""ladder""}",99.97071151733398,99.9835205078125,100.00005149841309,True,9.999060249328613,10.122861862182617,10.714409637451173,False,11.878631401062012,16.248884201049805,37.718338584899904,False,1,True,False,0.0863111932123712,0.0,,4.448,Blip,1253210165.88135,21.4035301208496,0.1875,0.9999996423721312,1.0,ladder,30778.753511435087,0.0,17248.4646875106,3.0,False,"[[-2.0, 2.0]]"
38,Blip,True,6.0,stationary,0,H1,-1.1403457313551382,"{""gs_event_time"": 1253210165.88135, ""window_s"": 1.0, ""mode"": ""ladder""}",7.6426385879516605,7.648088455200195,7.650684356689453,True,12.339465522766114,17.626630783081055,20.081803894042967,False,11.044988059997559,14.668441772460938,28.121989250183105,False,1,True,False,0.08631286226177812,0.0,,4.159,Blip,1253210165.88135,21.4035301208496,0.1875,0.9999996423721312,1.0,ladder,61557.50702287017,0.0,34496.9293750212,6.0,False,"[[-2.0, 2.0]]"
39,Blip,True,10.0,stationary,0,H1,-1.1403457313551382,"{""gs_event_time"": 1253210165.88135, ""window_s"": 1.0, ""mode"": ""ladder""}",7.512138366699219,7.513496398925781,7.5225982666015625,True,9.333786392211914,9.388387680053711,9.483897972106934,False,10.174642753601074,11.810197830200195,18.002109909057616,False,1,True,False,0.08631682780596829,0.0,,4.297,Blip,1253210165.88135,21.4035301208496,0.1875,0.9999996423721312,1.0,ladder,102595.84503811695,0.0,57494.882291702,10.0,False,"[[-2.0, 2.0]]"
40,Scattered_Light,True,nan,stationary,0,H1,-0.9927753345628099,"{""gs_event_time"": 1261529693.125, ""window_s"": 3.55297994613648, ""mode"": ""native""}",20.470822906494142,34.867048263549805,45.71848545074463,False,19.110788917541505,35.447025299072266,45.000225639343256,True,21.29983196258545,35.24245071411133,45.53138389587402,True,0,False,False,0.0,0.0,,4.163,Scattered_Light,1261529693.125,13.3398504257202,1.77648997306824,0.9999983310699464,3.55297994613648,native,65.33752154632192,31.01954162641065,31.019541626410653,0.017306918565117787,False,[]
41,Scattered_Light,True,3.0,stationary,0,H1,-0.9927753345628099,"{""gs_event_time"": 1261529693.125, ""window_s"": 3.55297994613648, ""mode"": ""ladder""}",100.11724815368652,100.14702987670898,100.1876953125,True,9.644960975646972,9.807722091674805,11.276933479309083,False,8.768794441223145,8.82623291015625,8.843338012695312,False,2,True,False,0.08164486926058054,0.0,,4.518,Scattered_Light,1261529693.125,13.3398504257202,1.77648997306824,0.9999983310699464,3.55297994613648,ladder,11325.67671717312,31.01954162641065,5376.960926296391,3.0,False,"[[-2.0, 0.838], [0.912, 2.0]]"
42,Scattered_Light,True,6.0,stationary,0,H1,-0.9927753345628099,"{""gs_event_time"": 1261529693.125, ""window_s"": 3.55297994613648, ""mode"": ""ladder""}",99.95509338378906,99.95698928833008,100.01707725524902,True,8.742746162414551,8.782377243041992,8.792104339599609,False,99.97532653808594,99.97587585449219,99.97655067443847,False,1,True,False,0.08631744233917162,0.0,,4.826,Scattered_Light,1261529693.125,13.3398504257202,1.77648997306824,0.9999983310699464,3.55297994613648,ladder,22651.35343434624,31.01954162641065,10753.921852592783,6.0,False,"[[-2.0, 2.0]]"
43,Scattered_Light,True,10.0,stationary,0,H1,-0.9927753345628099,"{""gs_event_time"": 1261529693.125, ""window_s"": 3.55297994613648, ""mode"": ""ladder""}",103.20785293579101,103.23114395141602,103.23962936401367,True,13.381787872314453,13.619380950927734,13.89665584564209,False,99.899658203125,99.90019226074219,99.90896606445312,False,1,True,False,0.08632952641157228,0.0,,4.771,Scattered_Light,1261529693.125,13.3398504257202,1.77648997306824,0.9999983310699464,3.55297994613648,ladder,37752.2557239104,31.01954162641065,17923.203087654634,9.999999999999996,False,"[[-2.0, 2.0]]"
44,Scattered_Light,True,nan,stationary,0,H1,-1.4660163946254445,"{""gs_event_time"": 1238738333.875, ""window_s"": 3.0, ""mode"": ""native""}",19.136804580688477,33.695068359375,45.067600059509275,False,19.757805824279785,33.56947898864746,45.39025802612304,True,18.216198539733888,33.40434455871582,45.091515731811526,True,0,False,False,0.0,0.0,,4.639,Scattered_Light,1238738333.875,11.4031600952148,1.5,0.9999983310699464,3.0,native,0.0,0.0,0.0,0.0021456748718107765,False,[]
45,Scattered_Light,True,3.0,stationary,0,H1,-1.4660163946254445,"{""gs_event_time"": 1238738333.875, ""window_s"": 3.0, ""mode"": ""ladder""}",10.806930923461914,13.377408981323242,18.914335632324217,False,16.12769145965576,31.48441982269287,44.136366271972655,True,10.836988067626953,13.434938430786133,20.172463989257814,False,1,True,False,0.05932534244500094,0.0,,4.469,Scattered_Light,1238738333.875,11.4031600952148,1.5,0.9999983310699464,3.0,ladder,13353.495301662675,0.0,5096.957482583162,3.0000000000000004,False,"[[-2.0, 0.213]]"
46,Scattered_Light,True,6.0,stationary,0,H1,-1.4660163946254445,"{""gs_event_time"": 1238738333.875, ""window_s"": 3.0, ""mode"": ""ladder""}",13.076199913024903,14.909122467041016,17.622555351257326,False,16.250904273986816,31.740446090698242,44.83963279724121,True,11.648896026611329,13.370712280273438,16.547543716430663,False,2,True,False,0.0728666360798405,0.0,,4.432,Scattered_Light,1238738333.875,11.4031600952148,1.5,0.9999983310699464,3.0,ladder,26706.99060332535,0.0,10193.914965166325,6.000000000000001,False,"[[-2.0, 0.213], [0.912, 1.963]]"
47,Scattered_Light,True,10.0,stationary,0,H1,-1.4660163946254445,"{""gs_event_time"": 1238738333.875, ""window_s"": 3.0, ""mode"": ""ladder""}",9.675884437561034,10.070415496826172,11.274226760864257,True,19.37534351348877,33.7538948059082,43.254874801635744,True,9.84679889678955,10.775466918945312,12.121866607666016,False,1,True,False,0.08631740375343964,0.0,,4.127,Scattered_Light,1238738333.875,11.4031600952148,1.5,0.9999983310699464,3.0,ladder,44511.65100554225,0.0,16989.858275277205,10.0,False,"[[-2.0, 2.0]]"
48,Scattered_Light,True,nan,stationary,0,H1,-1.3508600682005232,"{""gs_event_time"": 1238552901.375, ""window_s"": 4.0, ""mode"": ""native""}",18.81630344390869,34.319990158081055,44.61999568939209,False,19.174149322509766,33.15733528137207,44.65131721496582,True,14.877706336975098,28.604104042053223,44.04197406768799,True,0,False,False,0.0,0.0,,4.151,Scattered_Light,1238552901.375,11.972430229187,2.0,0.9999980926513672,4.0,native,0.0,0.0,0.0,0.0021456748718107765,False,[]
49,Scattered_Light,True,3.0,stationary,0,H1,-1.3508600682005232,"{""gs_event_time"": 1238552901.375, ""window_s"": 4.0, ""mode"": ""ladder""}",20.215255355834962,31.863301277160645,44.24569511413574,False,20.028556060791015,33.65768814086914,45.23388404846191,True,17.582171058654787,30.694403648376465,44.90933456420898,True,2,True,False,0.07373137613024196,0.0,,4.216,Scattered_Light,1238552901.375,11.972430229187,2.0,0.9999980926513672,4.0,ladder,6605.688709171882,0.0,4698.3927319183995,3.0000000000000004,False,"[[-2.0, 0.463], [1.037, 1.838]]"
50,Scattered_Light,True,6.0,stationary,0,H1,-1.3508600682005232,"{""gs_event_time"": 1238552901.375, ""window_s"": 4.0, ""mode"": ""ladder""}",9.96991424560547,10.020513534545898,10.183693504333496,True,9.971071243286133,10.023954391479492,10.169155311584472,False,9.960708618164062,10.004783630371094,10.121665573120117,False,2,True,False,0.07795472676727774,0.0,,4.441,Scattered_Light,1238552901.375,11.972430229187,2.0,0.9999980926513672,4.0,ladder,13211.377418343764,0.0,9396.785463836799,6.000000000000001,False,"[[-2.0, 0.588], [0.912, 1.963]]"
51,Scattered_Light,True,10.0,stationary,0,H1,-1.3508600682005232,"{""gs_event_time"": 1238552901.375, ""window_s"": 4.0, ""mode"": ""ladder""}",12.05405387878418,15.424345016479492,21.48670883178711,False,12.989779853820801,18.677898406982422,22.330706977844237,False,12.514388847351075,17.67711067199707,22.203776931762697,False,1,True,False,0.08632685174108609,0.0,,4.405,Scattered_Light,1238552901.375,11.972430229187,2.0,0.9999980926513672,4.0,ladder,22018.96236390627,0.0,15661.309106394665,9.999999999999996,False,"[[-2.0, 2.0]]"
52,Scattered_Light,True,nan,stationary,0,H1,-0.6952507023676436,"{""gs_event_time"": 1238368990.0625, ""window_s"": 2.67188000679016, ""mode"": ""native""}",19.12226276397705,34.61819076538086,45.90181655883789,False,19.662431526184083,33.96474838256836,45.496361541748044,True,20.658417320251466,35.226463317871094,44.332286262512206,True,0,False,False,0.0,0.0,,4.294,Scattered_Light,1238368990.0625,9.10639953613281,1.33594000339508,0.999997615814209,2.67188000679016,native,0.0,0.0,0.0,0.0021456748718107765,False,[]
53,Scattered_Light,True,3.0,stationary,0,H1,-0.6952507023676436,"{""gs_event_time"": 1238368990.0625, ""window_s"": 2.67188000679016, ""mode"": ""ladder""}",9.277996826171876,9.30233383178711,9.36931266784668,True,20.8322811126709,35.40184211730957,45.162936782836915,True,9.259926414489746,9.284826278686523,9.331503105163574,False,1,True,False,0.08591149137788084,0.0,,4.486,Scattered_Light,1238368990.0625,9.10639953613281,1.33594000339508,0.999997615814209,2.67188000679016,ladder,10978.07229933213,0.0,3765.3660057969046,3.0,False,"[[-2.0, 1.963]]"
54,Scattered_Light,True,6.0,stationary,0,H1,-0.6952507023676436,"{""gs_event_time"": 1238368990.0625, ""window_s"": 2.67188000679016, ""mode"": ""ladder""}",9.083374977111816,9.153112411499023,9.186606979370117,True,19.508085632324217,34.83348846435547,44.99796829223633,True,9.096971702575683,9.158021926879883,9.209186553955078,False,1,True,False,0.0863172128328925,0.0,,4.438,Scattered_Light,1238368990.0625,9.10639953613281,1.33594000339508,0.999997615814209,2.67188000679016,ladder,21956.14459866426,0.0,7530.732011593809,6.0,False,"[[-2.0, 2.0]]"
55,Scattered_Light,True,10.0,stationary,0,H1,-0.6952507023676436,"{""gs_event_time"": 1238368990.0625, ""window_s"": 2.67188000679016, ""mode"": ""ladder""}",99.95645294189453,100.09325790405273,100.28047409057618,True,20.723762893676756,35.50899124145508,44.72070617675781,True,99.95756530761719,100.11665725708008,100.33396110534667,False,1,True,False,0.08632888314986746,0.0,,4.298,Scattered_Light,1238368990.0625,9.10639953613281,1.33594000339508,0.999997615814209,2.67188000679016,ladder,36593.5743311071,0.0,12551.220019323015,10.0,False,"[[-2.0, 2.0]]"
56,Whistle,True,nan,stationary,0,H1,-0.7233725861108999,"{""gs_event_time"": 1243985411.88672, ""window_s"": 2.11132001876832, ""mode"": ""native""}",18.986858940124513,33.05601119995117,45.131494712829586,False,19.597003173828124,34.18935012817383,44.8694673538208,True,15.645685958862305,29.26310920715332,46.30184440612793,True,1,True,False,0.05384417310745212,0.0,,4.5,Whistle,1243985411.88672,29.8757991790771,1.05566000938416,1.0,2.11132001876832,native,49.61457054088587,129.262170633334,129.26217063333402,0.02898952946622786,False,"[[-1.713, 0.213]]"
57,Whistle,True,3.0,stationary,0,H1,-0.7233725861108999,"{""gs_event_time"": 1243985411.88672, ""window_s"": 2.11132001876832, ""mode"": ""ladder""}",9.84620532989502,11.660015106201172,12.083314704895018,True,19.60960445404053,35.4701042175293,45.108329391479494,True,10.40699462890625,11.122041702270508,12.48213062286377,False,1,True,False,0.08631195833521416,0.0,,4.328,Whistle,1243985411.88672,29.8757991790771,1.05566000938416,1.0,2.11132001876832,ladder,5134.3955684433295,129.262170633334,13376.778410693578,3.0,False,"[[-2.0, 2.0]]"
58,Whistle,True,6.0,stationary,0,H1,-0.7233725861108999,"{""gs_event_time"": 1243985411.88672, ""window_s"": 2.11132001876832, ""mode"": ""ladder""}",99.93359375,99.933837890625,99.93403625488281,True,20.694001388549804,35.301767349243164,45.22161464691162,True,9.499915885925294,9.540016174316406,9.631558227539063,False,1,True,False,0.08631589736119334,0.0,,4.616,Whistle,1243985411.88672,29.8757991790771,1.05566000938416,1.0,2.11132001876832,ladder,10268.791136886659,129.262170633334,26753.556821387156,6.0,False,"[[-2.0, 2.0]]"
59,Whistle,True,10.0,stationary,0,H1,-0.7233725861108999,"{""gs_event_time"": 1243985411.88672, ""window_s"": 2.11132001876832, ""mode"": ""ladder""}",99.07269020080567,99.3360710144043,101.43651123046875,True,20.316145515441896,34.03629112243652,45.21513366699219,True,8.909949111938477,8.954084396362305,8.990238380432128,False,1,True,False,0.08632522987184339,0.0,,4.29,Whistle,1243985411.88672,29.8757991790771,1.05566000938416,1.0,2.11132001876832,ladder,17114.651894811097,129.262170633334,44589.26136897859,10.0,False,"[[-2.0, 2.0]]"
60,Whistle,True,nan,stationary,0,H1,-0.7615378662224954,"{""gs_event_time"": 1240107782.17578, ""window_s"": 1.140619993209838, ""mode"": ""native""}",18.617300605773927,35.18772315979004,45.36723003387451,False,17.025596809387206,32.83251762390137,45.1650146484375,True,21.669502830505373,36.073965072631836,45.14114685058594,True,1,True,False,0.04725900011161109,0.0,,4.333,Whistle,1240107782.17578,29.8157806396484,0.570309996604919,1.0,1.140619993209838,native,48.50590704069864,102.25437367236518,102.25437367236518,0.03961368188218226,False,"[[-1.588, -0.037]]"
61,Whistle,True,3.0,stationary,0,H1,-0.7615378662224954,"{""gs_event_time"": 1240107782.17578, ""window_s"": 1.140619993209838, ""mode"": ""ladder""}",9.313557052612305,9.320058822631836,9.412842559814454,True,18.79970817565918,33.27848815917969,44.96730766296387,True,20.97009983062744,34.27292442321777,44.81133480072022,True,2,True,False,0.07794808589373076,0.0,,4.046,Whistle,1240107782.17578,29.8157806396484,0.570309996604919,1.0,1.140619993209838,ladder,3673.420752832066,102.25437367236518,7743.867937584306,3.0000000000000004,False,"[[-2.0, 0.588], [0.912, 1.963]]"
62,Whistle,True,6.0,stationary,0,H1,-0.7615378662224954,"{""gs_event_time"": 1240107782.17578, ""window_s"": 1.140619993209838, ""mode"": ""ladder""}",99.89082489013671,99.96516418457031,99.98032722473144,True,21.874262619018555,36.54144477844238,45.43494415283203,True,20.698966598510744,35.75012969970703,45.05128421783447,True,1,True,False,0.08631354435823499,0.0,,4.242,Whistle,1240107782.17578,29.8157806396484,0.570309996604919,1.0,1.140619993209838,ladder,7346.841505664132,102.25437367236518,15487.735875168612,6.000000000000001,False,"[[-2.0, 2.0]]"
63,Whistle,True,10.0,stationary,0,H1,-0.7615378662224954,"{""gs_event_time"": 1240107782.17578, ""window_s"": 1.140619993209838, ""mode"": ""ladder""}",103.51436843872071,103.53117370605469,103.53154335021972,True,20.01061954498291,34.42509078979492,44.562051391601564,True,23.002810192108154,35.40842056274414,44.56813049316406,True,1,True,False,0.08631863309534779,0.0,,4.261,Whistle,1240107782.17578,29.8157806396484,0.570309996604919,1.0,1.140619993209838,ladder,12244.73584277355,102.25437367236518,25812.893125281018,10.0,False,"[[-2.0, 2.0]]"
64,Whistle,True,nan,stationary,0,H1,-1.0395869348857398,"{""gs_event_time"": 1244757100.73682, ""window_s"": 1.0, ""mode"": ""native""}",19.394860649108885,34.09965515136719,45.34474143981934,False,19.030570411682127,33.55570983886719,45.10167350769043,True,22.78202419281006,35.1831169128418,45.4680435180664,True,1,True,False,0.049455393227872874,0.0,,4.205,Whistle,1244757100.73682,29.6756591796875,0.15625,1.0,1.0,native,46.06829970309851,74.67918393564915,74.67918393564916,0.03199100674803677,False,"[[-1.838, -0.287]]"
65,Whistle,True,3.0,stationary,0,H1,-1.0395869348857398,"{""gs_event_time"": 1244757100.73682, ""window_s"": 1.0, ""mode"": ""ladder""}",17.097018432617187,32.28089714050293,44.8842357635498,False,19.490100479125978,34.04867362976074,44.73389930725098,True,23.768642902374268,35.98585510253906,45.84667816162109,True,2,True,False,0.06958514656695329,0.0,,4.251,Whistle,1244757100.73682,29.6756591796875,0.15625,1.0,1.0,ladder,4320.117219123681,74.67918393564915,7003.141650760842,3.0,False,"[[-2.0, -0.037], [0.912, 1.838]]"
66,Whistle,True,6.0,stationary,0,H1,-1.0395869348857398,"{""gs_event_time"": 1244757100.73682, ""window_s"": 1.0, ""mode"": ""ladder""}",14.210663795471191,28.048521995544434,44.81897869110107,False,20.065792846679688,35.25748634338379,45.28144359588623,True,23.457579708099367,35.61673545837402,45.47411823272705,True,1,True,False,0.08631305867582877,0.0,,4.109,Whistle,1244757100.73682,29.6756591796875,0.15625,1.0,1.0,ladder,8640.234438247362,74.67918393564915,14006.283301521684,6.0,False,"[[-2.0, 2.0]]"
67,Whistle,True,10.0,stationary,0,H1,-1.0395869348857398,"{""gs_event_time"": 1244757100.73682, ""window_s"": 1.0, ""mode"": ""ladder""}",10.074242210388183,10.736162185668945,13.483009529113769,True,21.285378456115723,34.996063232421875,45.57816143035889,True,22.5311637878418,35.10464668273926,45.11233959197998,True,1,True,False,0.0863173424429418,0.0,,4.369,Whistle,1244757100.73682,29.6756591796875,0.15625,1.0,1.0,ladder,14400.39073041227,74.67918393564915,23343.80550253614,10.0,False,"[[-2.0, 2.0]]"
68,Whistle,True,nan,stationary,0,H1,-0.3033480770529468,"{""gs_event_time"": 1244852394.31396, ""window_s"": 1.0, ""mode"": ""native""}",18.90540771484375,33.36997032165527,44.55218029022217,False,18.455688285827637,32.82944869995117,44.74743919372558,True,14.715979957580567,25.257516860961914,45.282187652587886,True,1,True,False,0.050061175656523106,0.0,,4.14,Whistle,1244852394.31396,29.5265998840332,0.297850012779236,1.0,1.0,native,47.67142302511884,91.5285364391041,91.52853643910409,0.03721122325766211,False,"[[-1.088, 0.463]]"
69,Whistle,True,3.0,stationary,0,H1,-0.3033480770529468,"{""gs_event_time"": 1244852394.31396, ""window_s"": 1.0, ""mode"": ""ladder""}",8.978698921203613,8.99356460571289,9.007986640930175,True,19.45443458557129,34.36851692199707,44.29610977172852,True,15.39646224975586,26.22648048400879,45.357639122009275,True,1,True,False,0.08631124014141804,0.0,,4.177,Whistle,1244852394.31396,29.5265998840332,0.297850012779236,1.0,1.0,ladder,3843.310070326932,91.5285364391041,7379.107303621704,3.0000000000000004,False,"[[-2.0, 2.0]]"
70,Whistle,True,6.0,stationary,0,H1,-0.3033480770529468,"{""gs_event_time"": 1244852394.31396, ""window_s"": 1.0, ""mode"": ""ladder""}",99.86930847167969,99.87130737304688,100.04953422546387,True,20.7870885848999,35.56308364868164,44.91976795196533,True,15.07670783996582,28.979625701904297,46.02159385681152,True,1,True,False,0.08631308277790786,0.0,,4.203,Whistle,1244852394.31396,29.5265998840332,0.297850012779236,1.0,1.0,ladder,7686.620140653864,91.5285364391041,14758.214607243408,6.000000000000001,False,"[[-2.0, 2.0]]"
71,Whistle,True,10.0,stationary,0,H1,-0.3033480770529468,"{""gs_event_time"": 1244852394.31396, ""window_s"": 1.0, ""mode"": ""ladder""}",99.95788230895997,99.99026489257812,100.01065063476562,True,19.718272399902343,34.95010757446289,45.30692138671875,True,15.585624694824219,30.458791732788086,45.45872497558594,True,1,True,False,0.08631747676753676,0.0,,4.305,Whistle,1244852394.31396,29.5265998840332,0.297850012779236,1.0,1.0,ladder,12811.03356775644,91.5285364391041,24597.02434540568,10.0,False,"[[-2.0, 2.0]]"
72,Whistle,True,nan,stationary,0,H1,-0.32299759346852397,"{""gs_event_time"": 1240771810.58984, ""window_s"": 2.79491996765136, ""mode"": ""native""}",17.55360851287842,31.821393966674805,44.90354747772217,False,20.796191787719728,34.53697204589844,45.15182685852051,True,15.491718673706055,29.23775863647461,45.22089309692383,True,1,True,False,0.053477806015201135,0.0,,4.27,Whistle,1240771810.58984,28.8773403167725,1.39745998382568,1.0,2.79491996765136,native,48.625003146458226,107.34093243912444,107.34093243912443,0.029289259239847706,False,"[[-0.838, 0.713]]"
73,Whistle,True,3.0,stationary,0,H1,-0.32299759346852397,"{""gs_event_time"": 1240771810.58984, ""window_s"": 2.79491996765136, ""mode"": ""ladder""}",99.65781021118164,99.74319839477539,99.89562492370605,True,20.100882530212402,34.67417907714844,45.5633056640625,True,9.56715202331543,9.654178619384766,9.758526420593261,False,1,True,False,0.08631240187057888,0.0,,4.277,Whistle,1240771810.58984,28.8773403167725,1.39745998382568,1.0,2.79491996765136,ladder,4980.495008249078,107.34093243912444,10994.569534188317,3.0000000000000004,False,"[[-2.0, 2.0]]"
74,Whistle,True,6.0,stationary,0,H1,-0.32299759346852397,"{""gs_event_time"": 1240771810.58984, ""window_s"": 2.79491996765136, ""mode"": ""ladder""}",7.6021215438842775,7.608524322509766,102.04674186706544,False,22.499644088745118,35.73630905151367,45.4380823135376,True,8.967288780212403,9.03624153137207,9.049567604064942,False,1,True,False,0.08631764068211194,0.0,,4.328,Whistle,1240771810.58984,28.8773403167725,1.39745998382568,1.0,2.79491996765136,ladder,9960.990016498155,107.34093243912444,21989.139068376633,6.000000000000001,False,"[[-2.0, 2.0]]"
75,Whistle,True,10.0,stationary,0,H1,-0.32299759346852397,"{""gs_event_time"": 1240771810.58984, ""window_s"": 2.79491996765136, ""mode"": ""ladder""}",7.6501007080078125,7.669378280639648,7.680566596984863,True,19.638279151916503,35.01132583618164,44.777527999877925,True,97.34346542358398,99.89910507202148,99.97874298095704,False,1,True,False,0.08633003766956072,0.0,,4.293,Whistle,1240771810.58984,28.8773403167725,1.39745998382568,1.0,2.79491996765136,ladder,16601.650027496926,107.34093243912444,36648.565113961056,10.000000000000002,False,"[[-2.0, 2.0]]"
76,Koi_Fish,True,nan,stationary,0,H1,-0.6773496186231663,"{""gs_event_time"": 1238824807.73242, ""window_s"": 2.0, ""mode"": ""native""}",19.94593563079834,35.25421333312988,44.73064422607422,False,18.763440704345705,33.93228340148926,45.115397453308105,True,13.635307693481446,24.140576362609863,44.36238670349121,True,1,True,False,0.047059476853659785,0.0,,4.354,Koi_Fish,1238824807.73242,29.6348705291748,1.0,0.9999827146530152,2.0,native,49.295531948584255,50.55274024546926,50.552740245469266,0.019154970707829577,False,"[[-1.463, 0.088]]"
77,Koi_Fish,True,3.0,stationary,0,H1,-0.6773496186231663,"{""gs_event_time"": 1238824807.73242, ""window_s"": 2.0, ""mode"": ""ladder""}",99.96045684814453,99.98574829101562,99.98577117919922,True,20.518844032287596,34.90908432006836,44.65648422241211,True,12.31296272277832,20.234628677368164,42.6944393157959,False,1,True,False,0.08631188661396502,0.0,,4.331,Koi_Fish,1238824807.73242,29.6348705291748,1.0,0.9999827146530152,2.0,ladder,7720.53364640773,50.55274024546926,7917.434228934509,3.0,False,"[[-2.0, 2.0]]"
78,Koi_Fish,True,6.0,stationary,0,H1,-0.6773496186231663,"{""gs_event_time"": 1238824807.73242, ""window_s"": 2.0, ""mode"": ""ladder""}",7.676143646240234,7.676227569580078,103.31213912963867,False,22.077703094482423,34.52108955383301,44.70689296722412,True,11.912323760986329,18.59016990661621,41.27323207855225,False,1,True,False,0.08631561765368156,0.0,,4.394,Koi_Fish,1238824807.73242,29.6348705291748,1.0,0.9999827146530152,2.0,ladder,15441.06729281546,50.55274024546926,15834.868457869017,6.0,False,"[[-2.0, 2.0]]"
79,Koi_Fish,True,10.0,stationary,0,H1,-0.6773496186231663,"{""gs_event_time"": 1238824807.73242, ""window_s"": 2.0, ""mode"": ""ladder""}",7.702348899841309,7.714809417724609,7.717450904846191,True,20.450862312316893,35.604305267333984,44.99038028717041,True,11.350312232971191,15.871349334716797,36.02677211761474,False,1,True,False,0.08632446095034918,0.0,,4.268,Koi_Fish,1238824807.73242,29.6348705291748,1.0,0.9999827146530152,2.0,ladder,25735.112154692433,50.55274024546926,26391.447429781696,10.0,False,"[[-2.0, 2.0]]"
80,Koi_Fish,True,nan,stationary,0,H1,-0.7194488684786204,"{""gs_event_time"": 1238563835.38672, ""window_s"": 2.5, ""mode"": ""native""}",19.039620018005373,32.81816864013672,44.39608459472656,False,19.04172077178955,34.47386169433594,45.59397468566895,True,14.22419319152832,25.198311805725098,42.9889533996582,True,1,True,False,0.04705947681555989,0.0,,4.295,Koi_Fish,1238563835.38672,28.3134708404541,1.25,0.9999819993972778,2.5,native,44.01438709083534,42.351994316541195,42.351994316541195,0.015474134131235384,False,"[[-1.463, 0.088]]"
81,Koi_Fish,True,3.0,stationary,0,H1,-0.7194488684786204,"{""gs_event_time"": 1238563835.38672, ""window_s"": 2.5, ""mode"": ""ladder""}",99.9612850189209,99.96221542358398,99.96482353210449,True,19.716521072387696,33.60354423522949,44.7553430557251,True,10.077247428894044,10.297069549560547,10.947303009033202,False,1,True,False,0.08631219408138381,0.0,,4.421,Koi_Fish,1238563835.38672,28.3134708404541,1.25,0.9999819993972778,2.5,ladder,8533.153464526953,42.351994316541195,8210.86219571757,2.9999999999999996,False,"[[-2.0, 2.0]]"
82,Koi_Fish,True,6.0,stationary,0,H1,-0.7194488684786204,"{""gs_event_time"": 1238563835.38672, ""window_s"": 2.5, ""mode"": ""ladder""}",99.96853637695312,100.03876495361328,100.18197746276856,True,18.532870292663574,34.45191192626953,44.71137390136719,True,9.88245086669922,11.898138046264648,13.024945259094238,False,1,True,False,0.08631685659866603,0.0,,4.251,Koi_Fish,1238563835.38672,28.3134708404541,1.25,0.9999819993972778,2.5,ladder,17066.306929053906,42.351994316541195,16421.72439143514,5.999999999999999,False,"[[-2.0, 2.0]]"
83,Koi_Fish,True,10.0,stationary,0,H1,-0.7194488684786204,"{""gs_event_time"": 1238563835.38672, ""window_s"": 2.5, ""mode"": ""ladder""}",103.26711654663086,103.28142547607422,103.3199234008789,True,18.305570220947267,33.78820991516113,44.61719303131103,True,8.926498222351075,8.971227645874023,9.051774406433106,False,1,True,False,0.08632791220654439,0.0,,4.302,Koi_Fish,1238563835.38672,28.3134708404541,1.25,0.9999819993972778,2.5,ladder,28443.84488175651,42.351994316541195,27369.540652391897,9.999999999999996,False,"[[-2.0, 2.0]]"
84,Koi_Fish,True,nan,stationary,0,H1,-0.6738639233148719,"{""gs_event_time"": 1259556042.02539, ""window_s"": 2.5, ""mode"": ""native""}",21.515731048583984,35.369144439697266,45.74666175842285,False,20.034609031677245,34.8231086730957,45.09517116546631,True,18.620005416870118,33.100860595703125,43.90478458404541,True,1,True,False,0.04488163867599403,0.0,,4.394,Koi_Fish,1259556042.02539,25.8250999450684,1.25,0.999975562095642,2.5,native,48.38286947900889,45.263549811444456,45.263549811444456,0.02229745152603909,False,"[[-1.338, 0.088]]"
85,Koi_Fish,True,3.0,stationary,0,H1,-0.6738639233148719,"{""gs_event_time"": 1259556042.02539, ""window_s"": 2.5, ""mode"": ""ladder""}",99.89935722351075,99.90968322753906,99.97304458618164,True,20.6219388961792,34.91343307495117,45.239960479736325,True,18.038943672180174,32.85847282409668,43.66195564270019,True,1,True,False,0.08631220164164931,0.0,,4.274,Koi_Fish,1259556042.02539,25.8250999450684,1.25,0.999975562095642,2.5,ladder,6509.650139502322,45.263549811444456,6089.962759903581,3.0,False,"[[-2.0, 2.0]]"
86,Koi_Fish,True,6.0,stationary,0,H1,-0.6738639233148719,"{""gs_event_time"": 1259556042.02539, ""window_s"": 2.5, ""mode"": ""ladder""}",7.658447265625,7.658657073974609,7.661588478088379,True,18.886420822143556,34.07619857788086,44.62736148834229,True,18.922235107421876,33.39251708984375,43.72009391784668,True,1,True,False,0.08631687105102685,0.0,,4.309,Koi_Fish,1259556042.02539,25.8250999450684,1.25,0.999975562095642,2.5,ladder,13019.300279004645,45.263549811444456,12179.925519807162,6.0,False,"[[-2.0, 2.0]]"
87,Koi_Fish,True,10.0,stationary,0,H1,-0.6738639233148719,"{""gs_event_time"": 1259556042.02539, ""window_s"": 2.5, ""mode"": ""ladder""}",7.683439445495606,7.692218780517578,7.692253112792969,True,18.945402908325196,34.532203674316406,44.629315567016604,True,19.807643699645997,33.52265930175781,43.75797386169433,True,1,True,False,0.0863279348078605,0.0,,4.288,Koi_Fish,1259556042.02539,25.8250999450684,1.25,0.999975562095642,2.5,ladder,21698.833798341075,45.263549811444456,20299.87586634527,10.0,False,"[[-2.0, 2.0]]"
88,Koi_Fish,True,nan,stationary,0,H1,-1.0332942912250755,"{""gs_event_time"": 1264858501.41016, ""window_s"": 2.5, ""mode"": ""native""}",17.85982303619385,33.15200614929199,46.03768730163574,False,18.890545463562013,34.39998245239258,44.65498352050781,True,15.804912567138672,30.989118576049805,44.218421936035156,True,1,True,False,0.04945539303378601,0.0,,4.516,Koi_Fish,1264858501.41016,26.7551097869873,1.25,0.999969482421875,2.5,native,51.70367933154868,54.448089823515886,54.44808982351588,0.02552577703780567,False,"[[-1.838, -0.287]]"
89,Koi_Fish,True,3.0,stationary,0,H1,-1.0332942912250755,"{""gs_event_time"": 1264858501.41016, ""window_s"": 2.5, ""mode"": ""ladder""}",99.80311164855956,99.82460021972656,99.86799087524415,True,19.64604949951172,34.63236045837402,45.66377696990967,True,10.021996879577637,10.164571762084961,10.756417655944825,False,1,True,False,0.08631217104815554,0.0,,4.349,Koi_Fish,1264858501.41016,26.7551097869873,1.25,0.999969482421875,2.5,ladder,6076.6431425344845,54.448089823515886,6399.188915135551,3.0,False,"[[-2.0, 2.0]]"
90,Koi_Fish,True,6.0,stationary,0,H1,-1.0332942912250755,"{""gs_event_time"": 1264858501.41016, ""window_s"": 2.5, ""mode"": ""ladder""}",99.99748229980469,99.99775695800781,100.02516174316406,True,18.256457328796387,33.5139274597168,46.27084217071533,True,12.698431587219238,14.049270629882812,18.900144004821776,False,1,True,False,0.08631676717453149,0.0,,4.352,Koi_Fish,1264858501.41016,26.7551097869873,1.25,0.999969482421875,2.5,ladder,12153.286285068969,54.448089823515886,12798.377830271102,6.0,False,"[[-2.0, 2.0]]"
91,Koi_Fish,True,10.0,stationary,0,H1,-1.0332942912250755,"{""gs_event_time"": 1264858501.41016, ""window_s"": 2.5, ""mode"": ""ladder""}",7.599878883361816,7.6024017333984375,7.615113258361816,True,15.688601303100587,28.268278121948242,44.66282577514649,True,9.232258796691895,9.26467514038086,9.305872535705566,False,1,True,False,0.0863276668420344,0.0,,4.502,Koi_Fish,1264858501.41016,26.7551097869873,1.25,0.999969482421875,2.5,ladder,20255.477141781612,54.448089823515886,21330.629717118503,9.999999999999996,False,"[[-2.0, 2.0]]"
92,Koi_Fish,True,nan,stationary,0,H1,-1.3378841939731065,"{""gs_event_time"": 1244083194.32422, ""window_s"": 2.0, ""mode"": ""native""}",20.311074829101564,34.89693069458008,45.03977298736572,False,16.467465782165526,32.16590118408203,44.598418426513675,True,13.760869979858398,25.66671085357666,43.117063331604,True,1,True,False,0.04769599736339059,0.0,,4.363,Koi_Fish,1244083194.32422,14.6695604324341,1.0,0.9999083280563354,2.0,native,45.67192044518097,29.079784261365592,29.079784261365596,0.014626615233421176,False,"[[-2.0, -0.787]]"
93,Koi_Fish,True,3.0,stationary,0,H1,-1.3378841939731065,"{""gs_event_time"": 1244083194.32422, ""window_s"": 2.0, ""mode"": ""ladder""}",99.97488059997559,99.97527313232422,99.97730598449706,True,8.941082763671876,8.971691131591797,9.049950981140137,False,13.370261001586915,17.64849281311035,35.54635124206543,False,1,True,False,0.08631143861855237,0.0,,4.241,Koi_Fish,1244083194.32422,14.6695604324341,1.0,0.9999083280563354,2.0,ladder,9367.564480842286,29.079784261365592,5964.42522018072,3.0,False,"[[-2.0, 2.0]]"
94,Koi_Fish,True,6.0,stationary,0,H1,-1.3378841939731065,"{""gs_event_time"": 1244083194.32422, ""window_s"": 2.0, ""mode"": ""ladder""}",7.534175872802734,7.535099029541016,102.20671691894532,False,99.86511840820313,99.96328353881836,100.40213470458984,False,10.10716896057129,10.541872024536133,11.581451988220214,False,1,True,False,0.08631382403390048,0.0,,4.358,Koi_Fish,1244083194.32422,14.6695604324341,1.0,0.9999083280563354,2.0,ladder,18735.12896168457,29.079784261365592,11928.85044036144,6.0,False,"[[-2.0, 2.0]]"
95,Koi_Fish,True,10.0,stationary,0,H1,-1.3378841939731065,"{""gs_event_time"": 1244083194.32422, ""window_s"": 2.0, ""mode"": ""ladder""}",7.606807708740234,7.60687255859375,7.610299491882325,True,99.96573181152344,100.4935073852539,100.53634872436524,False,9.848490333557129,10.734752655029297,12.489565467834472,False,1,True,False,0.08631947720737128,0.0,,4.245,Koi_Fish,1244083194.32422,14.6695604324341,1.0,0.9999083280563354,2.0,ladder,31225.21493614095,29.079784261365592,19881.4174006024,9.999999999999996,False,"[[-2.0, 2.0]]"
96,Noise_Only,True,nan,stationary,0,H1,-0.634213991767102,"{""gs_event_time"": 1263709709.5720692, ""window_s"": 1.0, ""mode"": ""noise_native""}",19.039872550964354,33.143198013305664,45.45664005279541,False,17.253407859802245,32.874420166015625,45.92706451416016,True,14.941947937011719,26.443119049072266,45.54933605194092,True,1,True,False,0.03788173142355862,0.0,,4.294,Noise_Only,1263709709.5720692,nan,1.0,nan,1.0,noise_native,50.916679487648295,0.0,64.0,0.03212201254603678,True,"[[-1.088, -0.037]]"
97,Noise_Only,True,6.0,stationary,0,H1,-0.634213991767102,"{""gs_event_time"": 1263709709.5720692, ""window_s"": 1.0, ""mode"": ""noise_matched_6""}",99.9111328125,99.91817474365234,99.99613800048829,True,19.192876625061036,34.044939041137695,45.039138603210446,True,99.89061813354492,99.89118957519531,99.89188995361329,False,1,True,False,0.0863151729177717,0.0,,4.349,Noise_Only,1263709709.5720692,nan,1.0,nan,1.0,noise_matched_6,12597.795656224816,0.0,15834.868457869017,7.947622551070477,True,"[[-2.0, 2.0]]"
98,Noise_Only,True,10.0,stationary,0,H1,-0.634213991767102,"{""gs_event_time"": 1263709709.5720692, ""window_s"": 1.0, ""mode"": ""noise_matched_10""}",99.40798263549804,101.12399673461914,101.48779602050782,True,20.261728286743164,34.149465560913086,44.96058578491211,True,99.89104194641114,99.94174575805664,99.94465065002441,False,1,True,False,0.0863234997026511,0.0,,4.45,Noise_Only,1263709709.5720692,nan,1.0,nan,1.0,noise_matched_10,21388.93740510964,0.0,26884.942374513877,13.493725878962662,True,"[[-2.0, 2.0]]"
99,Noise_Only,True,nan,stationary,0,H1,-0.869574813029129,"{""gs_event_time"": 1260493140.112468, ""window_s"": 1.0, ""mode"": ""noise_native""}",18.751548957824706,34.247575759887695,45.461450767517086,False,15.996837997436524,31.240200996398926,44.27537574768066,True,20.64493923187256,35.058834075927734,45.76100463867188,True,1,True,False,0.03576752847413486,0.0,,4.264,Noise_Only,1260493140.112468,nan,1.0,nan,1.0,noise_native,47.22679381662418,17.481067125019823,64.0,0.030010556524393252,True,"[[-1.338, -0.412]]"
100,Noise_Only,True,6.0,stationary,0,H1,-0.869574813029129,"{""gs_event_time"": 1260493140.112468, ""window_s"": 1.0, ""mode"": ""noise_matched_6""}",99.9127197265625,99.91357421875,99.91923866271972,True,10.038849830627441,10.22044563293457,11.30107536315918,False,10.261980247497558,10.908864974975586,11.092704391479492,False,1,True,False,0.08631404816049026,0.0,,4.409,Noise_Only,1260493140.112468,nan,1.0,nan,1.0,noise_matched_6,11684.8448089554,17.481067125019823,15834.868457869015,7.425206482987654,True,"[[-2.0, 2.0]]"
101,Noise_Only,True,10.0,stationary,0,H1,-0.869574813029129,"{""gs_event_time"": 1260493140.112468, ""window_s"": 1.0, ""mode"": ""noise_matched_10""}",100.63092994689941,101.48433303833008,101.87881469726562,True,14.314377212524414,17.771671295166016,19.363988494873045,False,99.90648651123047,100.6091537475586,100.73041381835938,False,1,True,False,0.08632065424994437,0.0,,4.366,Noise_Only,1260493140.112468,nan,1.0,nan,1.0,noise_matched_10,19838.900473327958,17.481067125019823,26884.942374513877,12.606751293521937,True,"[[-2.0, 2.0]]"
